{
  "s": {
    "behavior": "Still",
    "average_mean": [
      -0.02149086666666667,
      -0.10141639999999998,
      0.9096194000000001
    ],
    "average_covariance": [
      [
        6.345665017543856e-05,
        1.285955438596489e-06,
        -7.334487719298237e-07
      ],
      [
        1.285955438596489e-06,
        6.180293473684208e-05,
        8.744933333333357e-07
      ],
      [
        -7.334487719298237e-07,
        8.744933333333357e-07,
        7.231764245614042e-05
      ]
    ]
  },
  "t": {
    "behavior": "Strike",
    "average_mean": [
      0.008607142857142855,
      0.03379166666666668,
      0.8327288095238095
    ],
    "average_covariance": [
      [
        0.19625148752380947,
        0.01644712564661654,
        0.003156203121553883
      ],
      [
        0.01644712564661654,
        0.37352035925689225,
        0.01172728582205515
      ],
      [
        0.003156203121553883,
        0.01172728582205515,
        0.19175137663784464
      ]
    ]
  },
  "l": {
    "behavior": "Locomotion",
    "average_mean": [
      -0.06802871794871794,
      0.010347051282051286,
      0.9245687179487181
    ],
    "average_covariance": [
      [
        0.003352085459514169,
        -0.001261351748987855,
        0.0004880653076923079
      ],
      [
        -0.001261351748987855,
        0.0036064309460188937,
        -0.0004897392516869098
      ],
      [
        0.0004880653076923079,
        -0.0004897392516869098,
        0.0012433186470985154
      ]
    ]
  }
}