accX,accY,accZ,behavior
0.233,0.923,0.232,t
0.224,0.936,0.205,t
0.263,0.922,0.221,t
0.25,0.919,0.231,t
0.25,0.907,0.219,t
0.254,0.911,0.214,t
0.266,0.922,0.198,t
0.266,0.922,0.193,t
0.284,0.916,0.197,t
0.299,0.913,0.188,t
0.281,0.922,0.195,t
0.281,0.914,0.203,t
0.281,0.915,0.194,t
0.281,0.932,0.188,t
0.291,0.938,0.188,t
0.297,0.927,0.177,t
0.286,0.911,0.172,t
0.293,0.895,0.172,t
0.284,0.903,0.172,t
0.294,0.92,0.172,t
0.283,0.908,0.172,t
0.296,0.907,0.172,t
0.297,0.907,0.172,t
0.297,0.907,0.156,t
0.297,0.907,0.156,t
0.297,0.922,0.172,t
0.297,0.922,0.172,t
0.297,0.907,0.156,t
0.297,0.907,0.172,t
0.297,0.907,0.172,t
0.297,0.922,0.156,t
0.297,0.922,0.172,t
0.297,0.907,0.172,t
0.297,0.907,0.156,t
0.281,0.922,0.156,t
0.281,0.922,0.156,t
0.281,0.922,0.156,t
0.281,0.922,0.156,t
0.281,0.922,0.156,t
0.281,0.922,0.156,t
0.281,0.922,0.156,t
0.266,0.922,0.172,t
0.266,0.922,0.172,t
0.266,0.922,0.172,t
0.266,0.922,0.172,t
0.266,0.922,0.156,t
0.266,0.922,0.172,t
0.266,0.922,0.172,t
0.266,0.922,0.172,t
0.266,0.922,0.171,t
0.266,0.922,0.156,t
0.264,0.922,0.156,t
0.25,0.922,0.159,t
0.25,0.922,0.172,t
0.25,0.922,0.172,t
0.25,0.927,0.172,t
0.285,0.978,0.222,t
0.545,1.074,0.536,t
0.857,1.088,1.119,t
0.966,0.769,0.688,t
1.321,0.225,0.057,t
0.866,0.558,-0.187,t
0.572,0.753,-0.638,t
1.16,0.978,-0.488,t
0.891,1.006,-0.378,t
0.333,0.594,-0.238,t
0.136,0.469,-0.086,t
0.181,0.742,0.036,t
0.141,0.991,0.138,t
0.178,1.018,0.117,t
0.256,1.057,0.109,t
0.165,1.005,0.081,t
0.156,0.953,0.094,t
0.188,0.985,0.094,t
0.203,0.985,0.094,t
0.156,0.969,0.094,t
0.156,0.985,0.125,t
0.156,0.985,0.125,t
0.109,1,0.141,t
0.094,1,0.141,t
0.094,0.969,0.141,t
0.109,0.969,0.156,t
0.109,0.953,0.156,t
0.078,0.953,0.172,t
0.078,0.953,0.188,t
0.063,0.953,0.188,t
0.078,0.953,0.188,t
0.063,0.969,0.203,t
0.047,0.938,0.219,t
0.047,0.953,0.219,t
0.047,0.953,0.219,t
0.047,0.953,0.219,t
0.031,0.953,0.219,t
0.031,0.938,0.219,t
0.016,0.953,0.219,t
-0.016,0.938,0.156,t
0,0.953,0.203,t
0.016,0.969,0.219,t
0,0.953,0.219,t
-0.013,0.983,0.235,t
0.044,0.952,0.248,t
0.014,0.94,0.219,t
-0.003,0.953,0.216,t
-0.019,0.953,0.203,t
-0.031,0.953,0.207,t
-0.031,0.953,0.214,t
-0.031,0.953,0.203,t
-0.031,0.953,0.203,t
-0.031,0.96,0.203,t
-0.031,0.969,0.21,t
-0.039,0.969,0.211,t
-0.047,0.969,0.203,t
-0.047,0.969,0.203,t
-0.047,0.969,0.203,t
-0.047,0.969,0.203,t
-0.047,0.969,0.203,t
-0.047,0.969,0.214,t
-0.047,0.969,0.219,t
-0.047,0.969,0.219,t
-0.047,0.956,0.219,t
-0.047,0.953,0.205,t
-0.047,0.968,0.203,t
-0.047,0.953,0.203,t
-0.047,0.953,0.203,t
-0.047,0.953,0.219,t
-0.063,0.953,0.219,s
-0.063,0.953,0.219,s
-0.063,0.953,0.219,s
-0.063,0.953,0.219,s
-0.063,0.953,0.219,s
-0.047,0.953,0.219,s
-0.063,0.953,0.219,s
-0.047,0.953,0.219,s
-0.047,0.953,0.219,s
-0.047,0.953,0.219,s
-0.047,0.953,0.219,s
-0.047,0.953,0.219,s
-0.047,0.953,0.219,s
-0.047,0.953,0.219,s
-0.047,0.953,0.219,s
-0.047,0.953,0.219,s
-0.047,0.953,0.219,s
-0.047,0.953,0.219,s
-0.047,0.953,0.219,s
-0.047,0.953,0.219,s
-0.047,0.953,0.219,s
-0.047,0.953,0.219,s
-0.047,0.953,0.219,s
-0.047,0.953,0.219,s
-0.047,0.953,0.219,s
-0.047,0.953,0.219,s
-0.047,0.953,0.219,s
-0.047,0.953,0.219,s
-0.047,0.953,0.219,s
-0.047,0.964,0.219,s
-0.047,0.958,0.219,s
-0.035,0.953,0.219,s
-0.031,0.953,0.219,s
-0.044,0.953,0.219,s
-0.047,0.953,0.219,s
-0.033,0.953,0.219,s
-0.031,0.969,0.219,s
-0.031,0.953,0.219,s
-0.031,0.953,0.219,s
-0.047,0.953,0.219,s
-0.031,0.953,0.219,s
-0.031,0.953,0.219,s
-0.031,0.953,0.219,s
-0.031,0.953,0.219,s
-0.031,0.953,0.219,s
-0.031,0.953,0.219,s
-0.031,0.953,0.203,s
-0.031,0.953,0.203,s
-0.031,0.953,0.219,s
-0.031,0.953,0.219,s
-0.031,0.953,0.219,s
-0.031,0.953,0.203,s
-0.031,0.953,0.219,s
-0.031,0.953,0.219,s
-0.031,0.953,0.203,s
-0.031,0.953,0.219,s
-0.031,0.953,0.219,s
-0.031,0.953,0.203,s
-0.031,0.953,0.203,s
-0.031,0.953,0.203,s
-0.031,0.969,0.203,s
-0.031,0.953,0.219,s
-0.031,0.953,0.219,s
-0.031,0.953,0.203,s
-0.031,0.955,0.203,s
-0.031,0.969,0.203,s
-0.031,0.967,0.203,s
-0.031,0.953,0.203,s
-0.031,0.953,0.203,s
-0.031,0.958,0.203,s
-0.031,0.969,0.203,s
-0.031,0.969,0.203,s
-0.031,0.969,0.203,s
-0.031,0.962,0.203,s
-0.031,0.961,0.203,s
-0.031,0.969,0.203,s
-0.031,0.969,0.203,s
-0.031,0.969,0.203,s
-0.031,0.959,0.203,s
-0.031,0.953,0.203,s
-0.031,0.965,0.203,s
-0.031,0.969,0.203,s
-0.031,0.969,0.203,s
-0.031,0.969,0.203,s
-0.031,0.969,0.203,s
-0.031,0.969,0.203,s
-0.031,0.969,0.203,s
-0.016,0.969,0.203,s
-0.031,0.969,0.203,s
-0.031,0.953,0.203,s
-0.031,0.953,0.203,s
-0.031,0.953,0.203,s
-0.031,0.969,0.203,s
-0.031,0.953,0.203,s
-0.031,0.953,0.203,s
-0.031,0.953,0.203,s
-0.031,0.953,0.203,s
-0.031,0.969,0.203,s
-0.016,0.969,0.203,s
-0.031,0.969,0.203,s
-0.031,0.953,0.203,s
-0.031,0.953,0.203,s
-0.031,0.953,0.203,s
-0.031,0.969,0.203,s
-0.016,0.969,0.203,s
-0.031,0.969,0.203,s
-0.031,0.953,0.203,s
-0.031,0.953,0.203,s
-0.031,0.953,0.203,s
-0.016,0.969,0.203,s
-0.031,0.969,0.203,s
-0.031,0.953,0.203,s
-0.031,0.953,0.203,s
-0.031,0.969,0.203,s
-0.031,0.969,0.203,s
-0.031,0.969,0.203,s
-0.031,0.953,0.203,s
-0.031,0.953,0.203,s
-0.031,0.969,0.203,s
-0.031,0.969,0.203,s
-0.031,0.969,0.203,s
-0.031,0.953,0.203,s
-0.031,0.953,0.203,s
-0.031,0.969,0.203,s
-0.031,0.969,0.219,s
-0.016,0.969,0.172,s
-0.016,0.969,0.172,s
-0.016,0.969,0.172,s
-0.016,0.969,0.172,s
-0.016,0.969,0.172,s
-0.016,0.969,0.172,s
-0.016,0.969,0.172,s
-0.016,0.969,0.172,s
-0.016,0.969,0.172,s
-0.016,0.969,0.172,s
-0.016,0.969,0.172,s
-0.016,0.969,0.172,s
-0.016,0.969,0.172,s
-0.016,0.969,0.172,s
-0.016,0.969,0.172,s
-0.016,0.969,0.172,s
-0.016,0.969,0.172,s
-0.016,0.969,0.172,s
-0.016,0.969,0.172,s
-0.016,0.969,0.172,s
-0.016,0.969,0.172,s
-0.016,0.969,0.172,s
-0.016,0.969,0.172,s
-0.016,0.969,0.172,s
-0.016,0.969,0.172,s
-0.016,0.969,0.172,s
-0.004,0.969,0.16,s
-0.013,0.969,0.156,s
-0.016,0.969,0.169,s
-0.002,0.969,0.172,s
-0.014,0.969,0.172,s
-0.016,0.969,0.156,s
0,0.969,0.172,s
-0.016,0.969,0.156,s
-0.016,0.969,0.156,s
-0.016,0.969,0.156,s
-0.016,0.969,0.156,s
-0.016,0.969,0.156,s
-0.016,0.969,0.156,s
0,0.969,0.156,s
0,0.969,0.156,s
-0.016,0.969,0.156,s
0,0.969,0.156,s
0,0.969,0.156,s
0,0.969,0.156,s
0,0.969,0.156,s
0,0.969,0.156,s
0,0.969,0.156,s
0,0.969,0.156,s
-0.016,0.969,0.156,s
0,0.969,0.156,s
0,0.969,0.156,s
0,0.969,0.156,s
0,0.969,0.156,s
0,0.969,0.156,s
0,0.969,0.156,s
0,0.969,0.156,s
0,0.969,0.156,s
0,0.969,0.156,s
-0.016,0.969,0.156,s
-0.016,0.969,0.156,s
0,0.969,0.156,s
0,0.969,0.156,s
0,0.969,0.141,s
0,0.969,0.141,s
0,0.969,0.141,s
0,0.969,0.156,s
0,0.969,0.156,s
0,0.969,0.156,s
0,0.969,0.156,s
0,0.969,0.156,s
0,0.969,0.141,s
0,0.969,0.156,s
0,0.969,0.156,s
0,0.969,0.156,s
0,0.969,0.141,s
0,0.969,0.141,s
0,0.969,0.141,s
0,0.969,0.141,s
0,0.969,0.141,s
0,0.969,0.141,s
0,0.969,0.141,s
0,0.969,0.141,s
0,0.969,0.141,s
0,0.969,0.141,s
0,0.969,0.141,s
0,0.969,0.141,s
0,0.969,0.141,s
0,0.973,0.141,s
0,0.985,0.141,s
0,0.98,0.141,s
0,0.969,0.141,s
0,0.969,0.141,s
0,0.969,0.141,s
0,0.969,0.141,s
0,0.969,0.141,s
0,0.969,0.141,s
0,0.978,0.141,s
0,0.975,0.141,s
0,0.98,0.141,s
0,0.985,0.141,s
0,0.973,0.129,s
0,0.969,0.138,s
0,0.969,0.141,s
0,0.983,0.141,s
0,0.97,0.141,s
0,0.969,0.141,s
0,0.969,0.141,s
0,0.969,0.141,s
0,0.969,0.141,s
0,0.969,0.141,s
0,0.969,0.141,s
0,0.969,0.141,s
0,0.985,0.141,s
0,0.969,0.141,s
0,0.969,0.141,s
0,0.969,0.141,s
0,0.969,0.141,s
0,0.969,0.141,s
0,0.969,0.141,s
0,0.969,0.141,s
0,0.969,0.141,s
0,0.969,0.141,s
0,0.969,0.141,s
0,0.969,0.141,s
-0.0156,0.1407,0.9691,t
-0.0181,0.1407,0.9691,t
-0.0275,0.1425,0.9691,t
-0.0013,0.1576,0.9691,t
-0.0156,0.1719,0.9691,t
0,0.1563,0.9691,t
0,0.1719,0.9847,t
-0.0313,0.1719,0.9691,t
0.0313,0.1094,0.9065,t
-0.0782,0.2501,0.9222,t
-0.0156,0.2188,0.9691,t
-0.0156,0.1876,0.9378,t
-0.0156,0.2188,0.9534,t
-0.0156,0.1876,0.9534,t
-0.0156,0.1876,0.9534,t
-0.0156,0.1719,0.9534,t
0.0156,0.1719,0.9691,t
-0.0156,0.1407,0.9534,t
-0.0156,0.2032,0.9847,t
-0.0156,0.1876,0.9691,t
-0.0156,0.1876,0.9691,t
-0.0313,0.2032,0.9534,t
-0.0313,0.1876,0.9691,t
-0.3908,0.1876,1.1566,t
0.1094,0.7971,0.9378,t
0.1563,0.3751,0.9691,t
-0.125,0.1563,0.9691,t
-0.1094,0.1563,0.9691,t
-0.0156,0.2032,0.9847,t
-0.0469,0.2032,0.9691,t
-0.0469,0.2032,0.9378,t
-0.0469,0.1876,0.9691,t
-0.0156,0.2032,0.9534,t
-0.0156,0.1876,0.9691,t
-0.0156,0.1876,0.9691,t
-0.0313,0.2032,0.9691,t
-0.0156,0.1719,0.9847,t
-0.0469,0.125,0.9534,t
-0.0469,0.1719,0.9691,t
-0.0313,0.1563,0.9847,t
-0.0469,0.1563,0.9847,t
-0.0313,0.1563,0.9691,t
-0.0156,0.1563,0.9847,t
-0.0625,0.1563,0.9847,t
-0.0625,0.1563,0.9691,t
-0.0625,0.125,0.9847,t
-0.0625,0.1094,0.9847,t
-0.0938,0.1094,0.9691,t
-0.0938,0.0938,0.9847,t
-0.0782,0.1407,1.0003,t
-0.0782,-0.0156,0.9065,t
-0.1563,0.1876,1.0628,t
-0.0938,0.0782,0.9534,t
-0.1407,0.1407,0.9378,t
-0.1094,0.1094,0.9847,t
-0.0782,0.0938,0.9847,t
-0.3632,-0.0113,0.9097,t
-0.0013,-1.1948,1.0503,t
-0.1475,0.9309,0.4852,t
0.1038,1.0772,1.0497,t
-0.4439,0.1219,0.8471,t
-0.2732,0.0925,0.4451,t
-0.0369,-0.9578,2.2345,t
-0.0269,0.0438,1.2692,t
0.1432,-0.1213,0.9391,t
0.1563,-0.2751,1.0066,t
0.0063,-0.08,0.919,t
-0.1438,0.0932,0.9372,t
0.0363,0.0331,1.0047,t
0.1544,-0.2257,0.9703,t
-0.0719,-0.2532,0.9065,t
-0.1263,-0.287,1.0191,t
-0.1563,-0.252,0.9741,t
-0.1257,-0.1213,0.9891,t
-0.0431,-0.02,0.9928,t
-0.0344,0.0125,0.9722,t
-0.0469,0.0125,0.9797,t
-0.0469,0.0782,0.9572,t
-0.0444,0.0756,0.9834,t
-0.0156,0.0469,0.9691,t
-0.0469,0.0625,0.9847,t
-0.0625,0.0625,0.9847,t
-0.0469,0.0782,1.0003,t
-0.0625,0.0938,0.9847,t
-0.0469,0.0938,0.9534,t
-0.0313,0.0625,0.9691,t
-0.0469,0.0938,0.9847,t
-0.0156,0.0782,0.9691,t
-0.0313,0.0938,0.9847,t
-0.0469,0.1094,0.9691,t
-0.0313,0.1094,0.9691,t
-0.0469,0.0938,0.9691,t
-0.0625,0.0938,0.9691,t
-0.0469,0.0938,0.9691,t
-0.0313,0.1094,0.9691,t
-0.0469,0.0938,0.9847,t
-0.0313,0.0782,0.9691,t
-0.0313,0.0938,0.9691,t
-0.0469,0.0938,0.9847,t
-0.0313,0.1094,0.9847,t
-0.0313,0.1094,0.9691,t
-0.0625,0.0938,0.9691,t
-0.0313,0.1094,0.9847,t
-0.0313,0.0938,0.9691,t
-0.0313,0.0938,0.9691,t
-0.0313,0.0938,0.9691,t
-0.0313,0.0938,0.9691,t
-0.0313,0.0938,0.9691,t
-0.0588,0.1075,0.9828,t
-0.0363,0.0963,0.9847,t
-0.0438,0.0938,0.9847,t
-0.0469,0.1057,0.9847,t
-0.0469,0.1094,0.9734,t
-0.0469,0.0988,0.9797,t
-0.0469,0.1038,0.9847,t
-0.0469,0.1,0.9847,t
-0.0469,0.0938,0.9759,t
-0.0469,0.0938,0.9691,t
-0.0469,0.0938,0.9766,t
-0.0331,0.1007,0.9847,t
-0.0281,0.1094,0.9784,t
-0.0525,0.1094,0.9691,t
-0.0625,0.1094,0.9691,t
-0.0538,0.1094,0.9691,t
-0.035,0.1094,0.9728,t
0.0625,-0.2501,0.9378,s
0.0625,-0.2501,0.9222,s
0.0625,-0.2501,0.9378,s
0.0469,-0.2345,0.9378,s
0.0625,-0.2501,0.9378,s
0.0625,-0.2501,0.9378,s
0.0625,-0.2657,0.9378,s
0.0625,-0.2345,0.9534,s
0.0625,-0.2501,0.9222,s
0.0782,-0.2345,0.9378,s
0.0469,-0.2345,0.9378,s
0.0469,-0.2501,0.9378,s
0.0625,-0.2501,0.9378,s
0.0625,-0.2501,0.9528,s
0.0625,-0.2501,0.9534,s
0.0625,-0.2501,0.9397,s
0.0625,-0.237,0.9509,s
0.05,-0.247,0.9409,s
0.0588,-0.2501,0.9378,s
0.0513,-0.2501,0.9491,s
0.0575,-0.2607,0.9534,s
0.0525,-0.2557,0.9434,s
0.0469,-0.2501,0.9472,s
0.0469,-0.2326,0.9622,s
0.0631,-0.2269,0.9609,s
0.0706,-0.242,0.9534,s
0.0625,-0.257,0.9466,s
0.0563,-0.2595,0.9378,s
0.0581,-0.2445,0.9378,s
0.0731,-0.2395,0.9378,s
0.0625,-0.2501,0.9378,s
0.0625,-0.2463,0.9378,s
0.0625,-0.2376,0.9347,s
0.06,-0.2476,0.9247,s
0.0469,-0.2382,0.9378,s
0.0494,-0.2645,0.9378,s
0.0782,-0.2501,0.9378,s
0.0469,-0.2345,0.9378,s
0.0782,-0.2501,0.9378,s
0.0625,-0.2501,0.9222,s
0.0625,-0.2657,0.9378,s
0.0625,-0.2501,0.9378,s
0.0469,-0.2657,0.9222,s
0.0469,-0.2501,0.9378,s
0.0469,-0.2501,0.9534,s
0.0782,-0.2501,0.9534,s
0.0469,-0.2501,0.9534,s
0.0469,-0.2501,0.9378,s
0.0469,-0.2501,0.9534,s
0.0469,-0.2345,0.9378,s
0.0625,-0.2345,0.9534,s
0.0625,-0.2345,0.9222,s
0.0782,-0.2345,0.9534,s
0.0625,-0.2501,0.9378,s
0.0469,-0.2501,0.9378,s
0.0625,-0.2501,0.9378,s
0.0625,-0.2501,0.9378,s
0.0625,-0.2345,0.9534,s
0.0625,-0.2345,0.9378,s
0.0469,-0.2345,0.9222,s
0.0625,-0.2501,0.9378,s
0.0625,-0.2345,0.9222,s
0.0625,-0.2657,0.9222,s
0.0475,-0.2207,0.9522,s
0.0469,-0.2763,0.9247,s
0.0606,-0.2401,0.9497,s
0.0625,-0.2345,0.9403,s
0.0375,-0.2345,0.9378,s
0.055,-0.2582,0.9497,s
0.0625,-0.2545,0.9534,s
0.0625,-0.2501,0.9428,s
0.0525,-0.2401,0.9478,s
0.0563,-0.2438,0.9441,s
0.0625,-0.2588,0.929,s
0.0544,-0.2576,0.9303,s
0.0469,-0.2501,0.9453,s
0.0469,-0.2501,0.9328,s
0.0469,-0.2438,0.919,s
0.0525,-0.2401,0.9378,s
0.0575,-0.2451,0.9428,s
0.0469,-0.2388,0.9491,s
0.0506,-0.2463,0.934,s
0.0625,-0.2376,0.9253,s
0.0625,-0.2501,0.9378,s
0.0625,-0.2501,0.9378,s
0.0625,-0.2501,0.9378,s
0.0625,-0.2501,0.9378,s
0.0625,-0.2501,0.9534,s
0.0469,-0.2501,0.9378,s
0.0625,-0.2501,0.9378,s
0.0625,-0.2501,0.9378,s
0.0625,-0.2345,0.9534,s
0.0625,-0.2345,0.9222,s
0.0625,-0.2188,0.9222,s
0.0625,-0.2345,0.9534,s
0.0625,-0.2501,0.9691,s
0.0625,-0.2501,0.9378,s
0.0625,-0.2345,0.9378,s
0.0625,-0.2501,0.9378,s
0.0625,-0.2501,0.9378,s
0.0625,-0.2501,0.9534,s
0.0469,-0.2345,0.9534,s
0.0625,-0.2345,0.9534,s
0.0625,-0.2345,0.9691,s
0.0469,-0.2501,0.9534,s
0.0313,-0.2501,0.9378,s
0.0625,-0.2345,0.9534,s
0.0782,-0.2501,0.9378,s
0.0469,-0.2501,0.9378,s
0.0625,-0.2345,0.9222,s
0.0625,-0.2501,0.9378,s
0.0625,-0.2345,0.9534,s
0.0782,-0.2345,0.9378,s
0.0782,-0.2188,0.9378,s
0.0469,-0.2657,0.9378,s
0.0782,-0.2345,0.9222,s
0.0469,-0.2345,0.9534,s
0.0469,-0.2657,0.9378,s
0.0625,-0.2345,0.9534,s
0.0625,-0.2345,0.9378,s
0.0625,-0.2501,0.9378,s
0.0625,-0.2501,0.9378,s
0.0469,-0.2501,0.9534,s
0.0625,-0.2501,0.9378,s
0.0782,-0.2345,0.9378,s
0.0625,-0.2501,0.9378,s
0.0775,-0.2501,0.9228,s
0.0494,-0.2357,0.9509,s
0.0469,-0.2482,0.9397,s
0.0731,-0.2632,0.9247,s
0.0531,-0.2532,0.9472,s
0.0588,-0.262,0.9297,s
0.0513,-0.2657,0.9334,s
0.0575,-0.2445,0.9378,s
0.0525,-0.2445,0.9378,s
0.0563,-0.2407,0.9284,s
0.0625,-0.2345,0.9397,s
0.0544,-0.2426,0.9453,s
0.0544,-0.2426,0.9453,s
0.0556,-0.2345,0.9397,s
0.0469,-0.2345,0.9222,s
0.0638,-0.2401,0.9278,s
0.0838,-0.2501,0.9378,s
0.0625,-0.2501,0.9378,s
0.0588,-0.2463,0.9416,s
0.0469,-0.2345,0.9534,s
0.0494,-0.2395,0.9534,s
0.0625,-0.2638,0.9516,s
0.0625,-0.2501,0.9378,s
0.0625,-0.2501,0.9378,s
0.0625,-0.2345,0.9378,s
0.0625,-0.2501,0.9378,s
0.0625,-0.2501,0.9691,s
0.0469,-0.2345,0.9222,s
0.0625,-0.2501,0.9222,s
0.0625,-0.2345,0.9378,s
0.0782,-0.2501,0.9222,s
0.0469,-0.2657,0.9222,s
0.0625,-0.2501,0.9378,s
0.0938,-0.2501,0.9691,s
0.0625,-0.2501,0.9378,s
0.0782,-0.2501,0.9222,s
0.0782,-0.2345,0.9378,s
0.0469,-0.2657,0.9534,s
0.0625,-0.2657,0.9378,s
0.0469,-0.2501,0.9534,s
0.0469,-0.2345,0.9378,s
0.0625,-0.2657,0.9378,s
0.0782,-0.2501,0.9378,s
0.0625,-0.2345,0.9222,s
0.0782,-0.2501,0.9378,s
0.0625,-0.2501,0.9534,s
0.0469,-0.2501,0.9378,s
0.0625,-0.2501,0.9534,s
0.0625,-0.2345,0.9378,s
0.0625,-0.2501,0.9378,s
0.0775,-0.2501,0.9228,s
0.0494,-0.2501,0.9222,s
0.0606,-0.2501,0.9497,s
0.0756,-0.2632,0.9403,s
0.0907,-0.2407,0.9628,s
0.07,-0.2345,0.9334,s
0.0738,-0.257,0.9334,s
0.0782,-0.2551,0.9378,s
0.0681,-0.2501,0.9378,s
0.0719,-0.2501,0.9378,s
0.0694,-0.2588,0.9466,s
0.0625,-0.2576,0.9453,s
0.055,-0.2351,0.9303,s
0.0469,-0.2326,0.929,s
0.0469,-0.2501,0.9378,s
0.0525,-0.2557,0.9322,s
0.0575,-0.2607,0.9272,s
0.0513,-0.2501,0.9378,s
0.0663,-0.2463,0.9378,s
0.075,-0.2407,0.9347,s
0.06,-0.2657,0.9247,s
0.0488,-0.2638,0.9397,s
0.0625,-0.2501,0.9534,s
0.0625,-0.2501,0.9534,s
0.0625,-0.2501,0.9222,s
0.0625,-0.2501,0.9378,s
0.0625,-0.2501,0.9534,s
0.0782,-0.2501,0.9378,s
0.0469,-0.2345,0.9378,s
0.0625,-0.2501,0.9534,s
0.0782,-0.2501,0.9222,s
0.0625,-0.2501,0.9378,s
0.0625,-0.2345,0.9222,s
0.0625,-0.2345,0.9378,s
0.0625,-0.2501,0.9378,s
0.0625,-0.2501,0.9378,s
0.0625,-0.2501,0.9378,s
0.0782,-0.2345,0.9534,s
0.0782,-0.2501,0.9378,s
0.0469,-0.2345,0.9378,s
0.0782,-0.2345,0.9378,s
0.0938,-0.2501,0.9222,s
0.0625,-0.2501,0.9378,s
0.0782,-0.2501,0.9378,s
0.0625,-0.2501,0.9378,s
0.0782,-0.2501,0.9534,s
0.0625,-0.2501,0.9378,s
0.0782,-0.2345,0.9534,s
0.0469,-0.2501,0.9534,s
0.0625,-0.2501,0.9534,s
0.0475,-0.2651,0.9234,s
0.0613,-0.2513,0.9365,s
0.0625,-0.2501,0.9378,s
0.0625,-0.2501,0.9378,s
0.075,-0.2501,0.9378,s
0.0663,-0.2501,0.9616,s
0.0625,-0.2501,0.9466,s
0.0625,-0.2501,0.9484,s
0.0625,-0.2501,0.9434,s
0.0625,-0.2501,0.9378,s
0.0625,-0.2501,0.9466,s
0.0625,-0.2501,0.9372,s
0.0625,-0.2501,0.9372,s
0.0625,-0.2501,0.9534,s
0.0625,-0.2563,0.9472,s
0.0625,-0.2601,0.9378,s
0.0625,-0.2451,0.9328,s
0.0669,-0.2388,0.9265,s
0.0744,-0.2501,0.934,s
0.0625,-0.2501,0.9284,s
0.065,-0.2501,0.9509,s
0.0782,-0.2501,0.9378,s
0.0782,-0.2501,0.9391,s
0.0782,-0.2501,0.9534,s
-0.0938,-0.2657,0.9534,t
-0.0625,-0.2501,0.9534,t
-0.0625,-0.2657,0.9534,t
-0.0625,-0.2657,0.9378,t
-0.0469,-0.2657,0.9378,t
-0.0469,-0.2501,0.9691,t
-0.0782,-0.2813,0.9534,t
-0.0782,-0.2657,0.9534,t
-0.0625,-0.2657,0.9378,t
-0.0782,-0.2813,0.9378,t
-0.0782,-0.2813,0.9534,t
-0.0625,-0.2657,0.9378,t
-0.0782,-0.2501,0.9691,t
-0.0782,-0.2501,0.9534,t
-0.0625,-0.2657,0.9534,t
-0.0782,-0.2657,0.9378,t
-0.0625,-0.2345,0.9378,t
-0.0782,-0.2501,0.9378,t
-0.0469,-0.2657,0.9378,t
-0.0782,-0.2345,0.9378,t
-0.0625,-0.2657,0.9534,t
-0.0782,-0.2657,0.9534,t
-0.0782,-0.2813,0.9378,t
-0.0625,-0.2657,0.9534,t
-0.0625,-0.2657,0.9378,t
-0.0782,-0.2657,0.9378,t
-0.0782,-0.2657,0.9378,t
-0.0625,-0.2501,0.9534,t
-0.0782,-0.2657,0.9378,t
-0.0938,-0.2813,0.9378,t
-0.0782,-0.2657,0.9378,t
-0.0625,-0.2657,0.9378,t
-0.0625,-0.2657,0.9222,t
-0.0782,-0.2813,0.9534,t
-0.0782,-0.2813,0.9378,t
-0.0782,-0.2813,0.9065,t
-0.0782,-0.2813,0.9378,t
-0.0625,-0.2813,0.9534,t
-0.0625,-0.2657,0.9378,t
-0.0782,-0.297,0.9378,t
-0.0782,-0.2657,0.9534,t
-0.0469,-0.2657,0.9378,t
-0.0619,-0.2807,0.9378,t
-0.0913,-0.267,0.9378,t
-0.0663,-0.2795,0.9378,t
-0.0625,-0.2945,0.9509,t
-0.0625,-0.272,0.9284,t
-0.0625,-0.2657,0.9459,t
-0.0738,-0.277,0.9422,t
-0.0782,-0.292,0.9272,t
-0.0782,-0.287,0.9222,t
-0.0782,-0.2813,0.9409,t
-0.0782,-0.2901,0.9359,t
-0.0782,-0.297,0.9222,t
-0.0782,-0.297,0.9297,t
-0.0713,-0.2901,0.9378,t
-0.15,-0.5064,0.9503,t
-0.3432,-0.9172,1.301,t
-0.6133,-1.3423,1.7062,t
-0.2182,-1.3173,0.6477,t
1.3836,0.4495,-0.834,t
0.1813,0.4376,0.0625,t
-1.1491,-0.7853,0.8253,t
-1.9069,-0.879,1.1347,t
-0.4802,-0.1788,0.5395,t
0.1094,0.2813,0.8128,t
0.2657,0.7971,0.9065,t
0.3595,1.0472,1.1254,t
0.2501,0.9534,1.016,t
0.0938,0.8597,0.6721,t
0,0.6252,0.5939,t
-0.0313,0.5783,0.8284,t
-0.0469,0.5471,0.8128,t
-0.0156,0.3908,0.9378,t
-0.0156,0.4376,0.8909,t
-0.0156,0.4376,0.9222,t
0,0.4533,0.9065,t
-0.0156,0.4376,0.8284,t
-0.0469,0.4533,0.8753,t
-0.0313,0.4533,0.8909,t
0.0156,0.422,0.9065,t
-0.0156,0.422,0.9065,t
-0.0313,0.4845,0.9065,t
0.0782,0.3282,0.9847,t
-0.0469,0.3439,0.8909,t
-0.0156,0.3439,0.8909,t
-0.0313,0.3908,0.9065,t
-0.0938,0.422,0.9065,t
-0.0938,0.3908,0.9378,t
-0.125,0.3751,0.9222,t
-0.1094,0.3282,0.8909,t
-0.1094,0.3439,0.9222,t
-0.1094,0.3289,0.9072,t
-0.095,0.3282,0.9353,t
-0.0938,0.3145,0.9378,t
-0.0938,0.2995,0.9247,t
-0.0813,0.297,0.9472,t
-0.0782,0.3088,0.9416,t
-0.1007,0.2901,0.9378,t
-0.12,0.2707,0.9165,t
-0.115,0.2557,0.9265,t
-0.1094,0.2501,0.9472,t
-0.1094,0.2588,0.9359,t
-0.1094,0.2738,0.9384,t
-0.1094,0.2738,0.9534,t
-0.1094,0.2588,0.9534,t
-0.1032,0.2563,0.9472,t
-0.0938,0.2601,0.9434,t
-0.0888,0.2501,0.9534,t
-0.0782,0.2457,0.9534,t
-0.0819,0.2382,0.9497,t
-0.0907,0.2501,0.9409,t
-0.0782,0.2501,0.9534,t
-0.0782,0.2501,0.9534,t
-0.0794,0.2501,0.9522,t
-0.0938,0.2501,0.9378,t
-0.0938,0.2188,0.9378,t
-0.0782,0.2345,0.9691,t
-0.0782,0.2501,0.9378,t
-0.0938,0.2657,0.9378,t
-0.0782,0.2345,0.9378,t
-0.0782,0.2345,0.9534,t
-0.0782,0.2345,0.9378,t
-0.0782,0.2501,0.9534,t
-0.0625,0.2345,0.9691,t
0.125,0.3751,0.8909,s
0.125,0.3595,0.9065,s
0.125,0.3751,0.8909,s
0.125,0.3595,0.8909,s
0.1094,0.3751,0.8909,s
0.125,0.3751,0.8909,s
0.125,0.3595,0.9065,s
0.125,0.3595,0.8909,s
0.125,0.3595,0.8909,s
0.125,0.3751,0.8909,s
0.125,0.3595,0.8909,s
0.125,0.3595,0.8909,s
0.1094,0.3751,0.9065,s
0.1244,0.3751,0.8915,s
0.1107,0.3607,0.8765,s
0.1232,0.3595,0.9028,s
0.1382,0.3726,0.8934,s
0.1282,0.3626,0.9034,s
0.1369,0.3595,0.8947,s
0.1294,0.3595,0.9022,s
0.125,0.3807,0.9065,s
0.115,0.3707,0.9065,s
0.1188,0.3782,0.9065,s
0.125,0.3732,0.8978,s
0.125,0.3595,0.8909,s
0.125,0.352,0.8984,s
0.125,0.3507,0.9134,s
0.125,0.3595,0.9097,s
0.1194,0.3651,0.8909,s
0.1094,0.3801,0.8859,s
0.1094,0.3864,0.884,s
0.1094,0.3714,0.9028,s
0.1125,0.3595,0.894,s
0.1225,0.362,0.9065,s
0.1094,0.3732,0.9047,s
0.1094,0.3607,0.8909,s
0.1094,0.3751,0.8909,s
0.1407,0.3595,0.8909,s
0.125,0.3751,0.8909,s
0.1094,0.3751,0.8909,s
0.125,0.3751,0.8753,s
0.1407,0.3595,0.8909,s
0.125,0.3751,0.9065,s
0.125,0.3751,0.9065,s
0.1094,0.3595,0.9065,s
0.125,0.3595,0.8909,s
0.125,0.3595,0.9065,s
0.1094,0.3751,0.8909,s
0.125,0.3751,0.8753,s
0.125,0.3595,0.9065,s
0.125,0.3595,0.8909,s
0.1407,0.3908,0.9065,s
0.1094,0.3595,0.9065,s
0.1407,0.3595,0.9065,s
0.1094,0.3595,0.9065,s
0.125,0.3595,0.8909,s
0.1407,0.3751,0.9065,s
0.1094,0.3595,0.8909,s
0.125,0.3751,0.8909,s
0.1094,0.3595,0.8909,s
0.1407,0.3595,0.8753,s
0.1094,0.3439,0.9222,s
0.125,0.3595,0.9065,s
0.11,0.3595,0.8915,s
0.1382,0.3739,0.8909,s
0.1269,0.3614,0.8909,s
0.125,0.3595,0.8909,s
0.125,0.3595,0.8909,s
0.1132,0.3714,0.8909,s
0.1207,0.3751,0.9134,s
0.125,0.3645,0.9009,s
0.125,0.3595,0.9009,s
0.125,0.3595,0.8972,s
0.125,0.3595,0.8997,s
0.125,0.3595,0.9065,s
0.1175,0.367,0.899,s
0.1163,0.3751,0.8978,s
0.125,0.3689,0.894,s
0.125,0.3595,0.8865,s
0.125,0.3645,0.9015,s
0.125,0.3751,0.8909,s
0.1288,0.3714,0.8947,s
0.1375,0.3595,0.9003,s
0.1275,0.3595,0.8778,s
0.1388,0.3614,0.8947,s
0.125,0.3739,0.9197,s
0.125,0.3595,0.8909,s
0.1094,0.3595,0.8753,s
0.125,0.3751,0.9065,s
0.125,0.3751,0.8909,s
0.125,0.3595,0.8909,s
0.125,0.3595,0.9065,s
0.1407,0.3595,0.8909,s
0.125,0.3595,0.8909,s
0.125,0.3751,0.8909,s
0.125,0.3751,0.8909,s
0.1407,0.3595,0.8909,s
0.1094,0.3751,0.8909,s
0.125,0.3595,0.8909,s
0.125,0.3751,0.8909,s
0.1407,0.3751,0.8909,s
0.125,0.3751,0.9065,s
0.125,0.3595,0.9065,s
0.1407,0.3751,0.8909,s
0.125,0.3751,0.8753,s
0.125,0.3908,0.8753,s
0.1094,0.3595,0.8909,s
0.1407,0.3751,0.8909,s
0.1094,0.3595,0.8909,s
0.125,0.3595,0.9065,s
0.1094,0.3751,0.8753,s
0.125,0.3595,0.9065,s
0.125,0.3595,0.8909,s
0.125,0.3445,0.9059,s
0.1107,0.3582,0.9065,s
0.1232,0.3595,0.9065,s
0.1382,0.3595,0.8803,s
0.1282,0.3595,0.9003,s
0.1488,0.3595,0.8828,s
0.1225,0.3707,0.909,s
0.12,0.3751,0.9009,s
0.125,0.3651,0.8909,s
0.125,0.3689,0.9003,s
0.125,0.3664,0.9065,s
0.125,0.3514,0.9065,s
0.1069,0.3701,0.8934,s
0.1219,0.3626,0.9034,s
0.1369,0.3714,0.8947,s
0.1294,0.3751,0.8909,s
0.1357,0.3751,0.8909,s
0.1407,0.3651,0.8909,s
0.1219,0.3689,0.9003,s
0.1182,0.3664,0.889,s
0.125,0.3595,0.8834,s
0.125,0.3595,0.8909,s
0.125,0.3732,0.8909,s
0.125,0.3845,0.8847,s
0.1307,0.3695,0.8809,s
0.1407,0.3595,0.8909,s
0.1363,0.3595,0.8953,s
0.125,0.3632,0.9028,s
0.125,0.372,0.8909,s
0.1275,0.3595,0.8934,s
0.1369,0.3614,0.9065,s
0.1107,0.3751,0.9053,s
0.125,0.3751,0.8909,s
0.1094,0.3751,0.8909,s
0.1094,0.3595,0.8909,s
0.125,0.3751,0.8909,s
0.1094,0.3751,0.9065,s
0.125,0.3595,0.9065,s
0.125,0.3751,0.9065,s
0.1407,0.3595,0.9065,s
0.1563,0.3595,0.9065,s
0.125,0.3595,0.8909,s
0.125,0.3595,0.9222,s
0.125,0.3595,0.8753,s
0.125,0.3751,0.9065,s
0.1094,0.3595,0.8909,s
0.125,0.3751,0.9065,s
0.1407,0.3595,0.9065,s
0.125,0.3439,0.8753,s
0.1094,0.3595,0.9065,s
0.0938,0.3595,0.9222,s
0.125,0.3595,0.9065,s
0.125,0.3439,0.9065,s
0.1094,0.3595,0.8909,s
0.125,0.3595,0.9065,s
0.0938,0.3595,0.8909,s
0.125,0.3595,0.8909,s
0.1094,0.3595,0.9065,s
0.1094,0.3751,0.9222,s
0.1094,0.3451,0.9222,s
0.095,0.3582,0.9078,s
0.1075,0.3457,0.9065,s
0.1094,0.357,0.9065,s
0.0969,0.347,0.894,s
0.0938,0.3557,0.9028,s
0.0938,0.3595,0.8953,s
0.115,0.3595,0.9015,s
0.095,0.3495,0.9065,s
0.0875,0.3626,0.9159,s
0.0938,0.3664,0.9134,s
0.0938,0.3595,0.9065,s
0.1013,0.3595,0.9065,s
0.0957,0.3526,0.8928,s
0.0907,0.3501,0.8878,s
0.0982,0.3651,0.9065,s
0.0782,0.3701,0.9065,s
0.0782,0.3639,0.9065,s
0.0744,0.3676,0.9103,s
0.0656,0.3501,0.919,s
0.0782,0.3676,0.909,s
0.0763,0.3301,0.9222,s
0.0625,0.3451,0.9209,s
0.0625,0.3595,0.9065,s
0.0782,0.3595,0.9065,s
0.0625,0.3595,0.9222,s
0.0782,0.3595,0.8909,s
0.0625,0.3595,0.9222,s
0.0625,0.3439,0.8909,s
0.0625,0.3439,0.9222,s
0.0625,0.3595,0.9065,s
0.0625,0.3439,0.9065,s
0.0625,0.3282,0.9222,s
0.0625,0.3595,0.9222,s
0.0625,0.3282,0.9222,s
0.0625,0.3439,0.9222,s
0.0625,0.3439,0.9222,s
0.0625,0.3439,0.9222,s
0.0469,0.3282,0.9222,s
0.0313,0.3282,0.9065,s
0.0469,0.3282,0.9222,s
0.0625,0.3282,0.9065,s
0.0625,0.3282,0.9222,s
0.0625,0.3282,0.9065,s
0.0782,0.3282,0.9378,s
0.0625,0.3439,0.9222,s
0.0469,0.3282,0.9378,s
0.0782,0.3126,0.9222,s
0.0782,0.3439,0.9222,s
0.0782,0.3282,0.9065,s
0.0631,0.3132,0.9215,s
0.0481,0.327,0.9222,s
0.0606,0.3282,0.9084,s
0.0625,0.3282,0.8934,s
0.05,0.3407,0.9159,s
0.035,0.332,0.9222,s
0.0538,0.3395,0.9222,s
0.0625,0.3545,0.9222,s
0.0725,0.3395,0.9122,s
0.0875,0.3189,0.9159,s
0.0763,0.3301,0.9222,s
0.0625,0.3439,0.914,s
0.07,0.3364,0.9065,s
0.0713,0.3214,0.9134,s
0.0688,0.3189,0.9222,s
0.0782,0.3282,0.9165,s
0.0782,0.3282,0.9065,s
0.0782,0.3282,0.9065,s
0.0782,0.3282,0.9103,s
0.0782,0.3251,0.9222,s
0.0756,0.3176,0.9222,s
0.0625,0.342,0.9203,s
0.0638,0.327,0.9078,s
0.0782,0.3126,0.9222,s
0.0938,0.3439,0.9222,s
0.0782,0.3126,0.9222,s
0.0625,0.3282,0.9222,s
0.0938,0.3439,0.9222,s
-0.2188,-0.1563,0.9534,t
-0.2032,-0.1407,0.9378,t
-0.1876,-0.1719,0.9534,t
-0.2032,-0.1719,0.9691,t
-0.2188,-0.1563,0.9378,t
-0.2032,-0.1563,0.9534,t
-0.2188,-0.1719,0.9378,t
-0.2032,-0.1563,0.9534,t
-0.1876,-0.1563,0.9378,t
-0.2032,-0.1719,0.9534,t
-0.2032,-0.1719,0.9534,t
-0.1876,-0.1563,0.9534,t
-0.2032,-0.1719,0.9222,t
-0.2032,-0.1876,0.9691,t
-0.2032,-0.1563,0.9534,t
-0.2188,-0.1407,0.9378,t
-0.2032,-0.1563,0.9534,t
-0.1876,-0.1719,0.9378,t
-0.1876,-0.1407,0.9691,t
-0.1876,-0.1407,0.9065,t
-0.1876,-0.1876,0.9378,t
-0.2032,-0.1563,0.9691,t
-0.2345,-0.125,0.9378,t
-0.2032,-0.1563,0.9222,t
-0.2032,-0.1876,0.9534,t
-0.2032,-0.1719,0.9534,t
-0.2032,-0.1563,0.9378,t
-0.2032,-0.1719,0.9534,t
-0.2188,-0.1407,0.9534,t
-0.2188,-0.1719,0.9378,t
-0.2188,-0.1719,0.9378,t
-0.2188,-0.1407,0.9534,t
-0.2188,-0.1563,0.9378,t
-0.2188,-0.1563,0.9378,t
-0.2032,-0.1719,0.9378,t
-0.2188,-0.1563,0.9378,t
-0.2188,-0.1876,0.9378,t
-0.2032,-0.1719,0.9378,t
-0.2032,-0.1407,0.9534,t
-0.2188,-0.1563,0.9534,t
-0.2188,-0.1563,0.9222,t
-0.2032,-0.1563,0.9534,t
-0.1876,-0.1407,0.9534,t
-0.2188,-0.1563,0.9222,t
-0.2188,-0.1563,0.9534,t
-0.2032,-0.1563,0.9378,t
-0.2188,-0.1719,0.9378,t
-0.2032,-0.1876,0.9378,t
-0.2188,-0.1719,0.9378,t
-0.2032,-0.1563,0.9378,t
-0.2032,-0.1719,0.9222,t
-0.2188,-0.1876,0.9378,t
-0.1888,-0.1726,0.9228,t
-0.1876,-0.1863,0.9365,t
-0.5452,0.1425,1.4192,t
0.0888,-2.6352,0.1325,t
3.5699,0.4783,2.6383,t
-0.3201,1.4267,0.6327,t
-0.1701,-0.1826,0.4789,t
0.1288,0.5477,0.3038,t
-0.1113,0.8678,2.1344,t
-0.1563,0.4908,1.8568,t
-0.0425,0.1494,1.0203,t
0.2745,-0.2595,1.0203,t
0.237,-0.3495,1.0578,t
-0.0588,-0.0932,1.1054,t
-0.1,-0.0531,0.9566,t
-0.0869,-0.1638,0.9528,t
-0.0869,0.0263,1.0178,t
-0.1369,0.1632,0.9353,t
-0.0544,-0.2007,0.8528,t
-0.1313,-0.3095,0.6596,t
-0.3389,-0.0119,1.2723,t
-0.277,-0.1751,0.8315,t
-0.0156,-0.3001,0.9866,t
-0.0156,-0.1563,1.1879,t
-0.1719,-0.0938,0.9534,t
-0.2345,-0.0469,0.9847,t
-0.297,0.0625,0.9378,t
-0.2032,0.1407,0.8909,t
-0.1407,-0.0313,0.8597,t
-0.1407,0.0782,0.9534,t
-0.3126,0.2188,0.9847,t
-0.2032,-0.0938,0.7815,t
-0.0625,-0.1094,1.016,t
-0.2188,-0.1407,1.0316,t
-0.0625,-0.1876,0.8909,t
-0.0625,-0.3439,0.844,t
-0.2345,-0.1876,0.8909,t
-0.2657,-0.2188,0.8597,t
-0.2501,-0.2501,0.9065,t
-0.2032,-0.1719,0.9847,t
-0.2032,-0.125,0.9378,t
-0.1719,-0.1719,0.9534,t
-0.1563,-0.1407,1.0003,t
-0.1563,-0.1563,0.9534,t
-0.1876,-0.1094,0.9534,t
-0.1407,-0.125,0.9534,t
-0.125,-0.125,0.9847,t
-0.1407,-0.0938,0.9534,t
-0.1094,-0.1094,0.9534,t
-0.125,-0.0938,0.9691,t
-0.11,-0.1088,0.9841,t
-0.1094,-0.095,0.9703,t
-0.1232,-0.0938,0.9553,t
-0.125,-0.0938,0.9666,t
-0.125,-0.0813,0.9566,t
-0.1369,-0.09,0.9653,t
-0.1182,-0.0713,0.9691,t
-0.12,-0.0731,0.9584,t
-0.125,-0.0882,0.9634,t
-0.1063,-0.075,0.9691,t
-0.1113,-0.0625,0.9603,t
-0.1332,-0.0788,0.9616,t
-0.1332,-0.0938,0.9616,t
-0.125,-0.0731,0.9603,t
-0.1188,-0.0594,0.9691,t
-0.1207,-0.0782,0.9634,t
-0.1407,-0.0731,0.9534,t
-0.1407,-0.0625,0.9534,t
-0.1444,-0.0663,0.9572,t
-0.1532,-0.0782,0.9659,t
-0.1382,-0.0756,0.9534,t
-0.125,-0.0606,0.9534,t
-0.1263,-0.0481,0.9547,t
0.1088,-0.2426,0.9303,s
0.125,-0.2345,0.929,s
0.125,-0.2407,0.9315,s
0.1194,-0.2501,0.9278,s
0.1144,-0.2601,0.9378,s
0.1294,-0.2726,0.9378,s
0.1294,-0.2501,0.9378,s
0.0969,-0.247,0.9347,s
0.1119,-0.2345,0.9222,s
0.1232,-0.2363,0.9259,s
0.1107,-0.2488,0.9522,s
0.125,-0.2345,0.9378,s
0.125,-0.2501,0.9222,s
0.1094,-0.2345,0.9222,s
0.125,-0.2501,0.9534,s
0.125,-0.2345,0.9378,s
0.1094,-0.2501,0.9222,s
0.125,-0.2345,0.9378,s
0.1094,-0.2345,0.9378,s
0.125,-0.2345,0.9378,s
0.1094,-0.2345,0.9222,s
0.1094,-0.2501,0.9378,s
0.125,-0.2345,0.9222,s
0.125,-0.2345,0.9378,s
0.1094,-0.2501,0.9378,s
0.1094,-0.2501,0.9378,s
0.125,-0.2501,0.9378,s
0.125,-0.2345,0.9378,s
0.125,-0.2501,0.9378,s
0.125,-0.2345,0.9222,s
0.125,-0.2345,0.9378,s
0.1094,-0.2345,0.9378,s
0.1094,-0.2501,0.9378,s
0.1094,-0.2501,0.9222,s
0.125,-0.2501,0.9222,s
0.1094,-0.2657,0.9378,s
0.1094,-0.2345,0.9378,s
0.1094,-0.2345,0.9222,s
0.1244,-0.2345,0.9522,s
0.1107,-0.2345,0.9247,s
0.1232,-0.2482,0.9359,s
0.125,-0.2501,0.9247,s
0.1375,-0.2501,0.9097,s
0.1169,-0.2263,0.9303,s
0.1094,-0.2301,0.9265,s
0.1094,-0.2345,0.9222,s
0.1194,-0.2345,0.9422,s
0.125,-0.2345,0.9441,s
0.1163,-0.2345,0.929,s
0.1257,-0.2263,0.9303,s
0.1257,-0.2338,0.9303,s
0.1232,-0.2501,0.929,s
0.1407,-0.2438,0.9315,s
0.1294,-0.2401,0.9222,s
0.1144,-0.2451,0.9222,s
0.1207,-0.2388,0.9309,s
0.1132,-0.2501,0.9459,s
0.125,-0.2501,0.9284,s
0.12,-0.2476,0.9484,s
0.0957,-0.2345,0.924,s
0.1107,-0.2345,0.9391,s
0.125,-0.2345,0.9534,s
0.125,-0.2501,0.9222,s
0.125,-0.2657,0.9378,s
0.0938,-0.2657,0.9222,s
0.1407,-0.2345,0.9065,s
0.1094,-0.2501,0.9222,s
0.125,-0.2501,0.9222,s
0.0938,-0.2501,0.9222,s
0.125,-0.2345,0.9378,s
0.125,-0.2501,0.9378,s
0.125,-0.2345,0.9222,s
0.125,-0.2501,0.9534,s
0.125,-0.2657,0.9065,s
0.125,-0.2345,0.9378,s
0.125,-0.2345,0.9222,s
0.1094,-0.2501,0.9378,s
0.1094,-0.2345,0.9222,s
0.1407,-0.2501,0.9534,s
0.1094,-0.2657,0.9378,s
0.125,-0.2345,0.9534,s
0.125,-0.2501,0.9378,s
0.125,-0.2501,0.9065,s
0.125,-0.2345,0.9378,s
0.1094,-0.2345,0.9378,s
0.1094,-0.2501,0.9222,s
0.125,-0.2345,0.9534,s
0.1407,-0.2501,0.9378,s
0.1257,-0.2501,0.9528,s
0.125,-0.2501,0.9391,s
0.125,-0.2501,0.9103,s
0.125,-0.237,0.9328,s
0.1375,-0.2345,0.9503,s
0.1288,-0.2463,0.9297,s
0.125,-0.2501,0.9334,s
0.125,-0.2501,0.9484,s
0.115,-0.2501,0.9434,s
0.1188,-0.2501,0.9378,s
0.1075,-0.2413,0.9378,s
0.1019,-0.2426,0.9297,s
0.1169,-0.2501,0.9297,s
0.1182,-0.2501,0.9378,s
0.1157,-0.2501,0.9315,s
0.1194,-0.2388,0.9278,s
0.1144,-0.2238,0.9278,s
0.1207,-0.2388,0.9109,s
0.1094,-0.2501,0.9259,s
0.1094,-0.247,0.9378,s
0.1119,-0.237,0.9353,s
0.1232,-0.252,0.9222,s
0.1107,-0.2632,0.9247,s
0.125,-0.2345,0.9534,s
0.125,-0.2345,0.9378,s
0.1407,-0.2345,0.9378,s
0.0938,-0.2501,0.9378,s
0.125,-0.2501,0.9378,s
0.1094,-0.2345,0.9378,s
0.125,-0.2501,0.9222,s
0.1094,-0.2345,0.9378,s
0.1094,-0.2345,0.9222,s
0.1094,-0.2345,0.9378,s
0.1094,-0.2501,0.9222,s
0.125,-0.2345,0.9222,s
0.1094,-0.2657,0.9222,s
0.125,-0.2345,0.9222,s
-0.1094,0.1876,0.9534,t
-0.0938,0.2345,0.9222,t
-0.0782,0.2032,0.9534,t
-0.1094,0.2032,0.9534,t
-0.0938,0.2188,0.9222,t
-0.1094,0.2032,0.9534,t
-0.1094,0.2032,0.9534,t
-0.1407,0.2188,0.9534,t
-0.125,0.2032,0.9534,t
-0.1094,0.2032,0.9222,t
-0.125,0.2188,0.9534,t
-0.1094,0.2188,0.9691,t
-0.0938,0.2188,0.9378,t
-0.1094,0.2032,0.9691,t
-0.125,0.2032,0.9691,t
-0.0782,0.1876,0.9534,t
-0.1094,0.2032,0.9065,t
-0.0938,0.2501,0.9378,t
-0.1094,0.1719,0.9222,t
-0.0938,0.2032,0.9378,t
-0.0625,0.1876,0.9691,t
-0.0325,0.1125,0.9691,t
-0.1175,0.2244,1.0122,t
-0.1801,0.1519,0.9334,t
-0.0169,0.1801,0.9222,t
-0.0844,0.1375,0.9847,t
-0.1332,0.1963,0.9409,t
-0.1744,0.1626,0.9109,t
-0.1663,0.1513,0.9809,t
-0.1463,0.1963,0.9659,t
-0.1407,0.2282,0.919,t
-0.1407,0.2257,0.924,t
-0.1244,0.2757,0.9459,t
-0.1094,0.2832,0.9534,t
-0.1369,0.2345,0.9466,t
-0.1532,0.2407,0.9315,t
-0.1307,0.2501,0.9334,t
-0.1407,0.2551,0.9484,t
-0.1538,0.2701,0.9378,t
-0.1801,0.2776,0.9416,t
-0.15,0.2688,0.9441,t
-0.1375,0.2863,0.914,t
-0.1938,0.3107,0.9516,t
-0.1288,0.2995,0.9353,t
-0.1719,0.3282,0.9065,t
-0.2032,0.3439,0.8909,t
-0.2032,0.3439,0.8909,t
-0.2032,0.3439,0.8909,t
-0.2032,0.3439,0.8909,t
-0.2032,0.3439,0.8909,t
-0.2032,0.3439,0.8909,t
-0.2032,0.3439,0.8909,t
-0.2032,0.3439,0.8909,t
-0.2032,0.3439,0.8909,t
-0.2032,0.3439,0.8909,t
-0.1407,0.2813,0.9378,t
-0.2126,0.5064,1.141,t
-0.7221,0.4814,0.8659,t
1.5286,0.0438,0.3782,t
0.4408,0.2938,0.3564,t
-0.9691,1.3442,0.2813,t
-0.8096,0.0938,0.9784,t
-0.4877,-0.1657,1.2504,t
-0.075,0.322,0.9753,t
0.1282,0.8628,0.5502,t
-0.2032,0.9065,0.5158,t
-0.2501,0.3376,0.894,t
-0.3032,0.3001,0.9409,t
-0.1157,0.4626,0.8284,t
-0.1876,0.3282,0.8909,t
-0.1719,0.3595,0.8597,t
-0.2032,0.3282,0.9065,t
-0.1876,0.3126,0.9065,t
-0.1876,0.3439,0.9222,t
-0.1719,0.297,0.9222,t
-0.1876,0.3126,0.9222,t
-0.1876,0.3282,0.8909,t
-0.2032,0.3126,0.9222,t
-0.1876,0.297,0.9378,t
-0.1719,0.3126,0.9065,t
-0.1876,0.297,0.9222,t
-0.1876,0.3126,0.9378,t
-0.1876,0.3126,0.9222,t
-0.2032,0.297,0.9065,t
-0.2032,0.297,0.9065,t
-0.2032,0.297,0.9065,t
-0.1876,0.2813,0.9222,t
-0.2032,0.2657,0.9378,t
-0.2032,0.297,0.9222,t
-0.2188,0.297,0.9065,t
-0.2032,0.2813,0.9378,t
-0.2188,0.2813,0.9222,t
-0.2032,0.2813,0.9378,t
-0.2032,0.297,0.9065,t
-0.1876,0.2657,0.9222,t
-0.1876,0.297,0.9222,t
-0.2026,0.267,0.9222,t
-0.2176,0.2801,0.9365,t
-0.2051,0.2951,0.924,t
-0.2032,0.2707,0.9222,t
-0.2032,0.3032,0.9222,t
-0.2151,0.2888,0.9222,t
-0.1963,0.2926,0.9222,t
-0.1982,0.297,0.9115,t
-0.2032,0.287,0.9165,t
-0.2032,0.2813,0.9315,t
-0.2032,0.2813,0.929,t
-0.2032,0.2813,0.9222,t
-0.2032,0.2888,0.9147,t
-0.2101,0.2901,0.9065,t
-0.2126,0.2751,0.9128,t
-0.1976,0.2601,0.9222,t
-0.1976,0.2601,0.9222,t
-0.2144,0.2813,0.9265,t
-0.2069,0.2813,0.934,t
-0.2157,0.2782,0.9222,t
-0.2007,0.2657,0.9222,t
-0.1894,0.2695,0.9203,t
-0.2044,0.2945,0.9078,t
-0.2188,0.2657,0.9222,t
-0.2032,0.2813,0.9065,t
-0.1876,0.2813,0.9065,t
-0.2032,0.2657,0.9378,t
-0.2188,0.2657,0.9222,t
-0.2032,0.2813,0.9378,t
0.0469,-0.1794,0.9609,s
0.0469,-0.1944,0.9691,s
0.0469,-0.1969,0.9566,s
0.0469,-0.1876,0.9434,s
0.0469,-0.1926,0.9534,s
0.0513,-0.1988,0.9578,s
0.055,-0.1876,0.9653,s
0.0344,-0.1907,0.9534,s
0.0494,-0.1982,0.9559,s
0.0606,-0.1738,0.9691,s
0.0469,-0.1876,0.9666,s
0.0469,-0.1876,0.9378,s
0.0782,-0.1876,0.9378,s
0.0469,-0.1876,0.9534,s
0.0625,-0.1876,0.9691,s
0.0469,-0.1876,0.9534,s
0.0469,-0.1876,0.9691,s
0.0782,-0.1876,0.9691,s
0.0313,-0.1876,0.9691,s
0.0469,-0.2032,0.9534,s
0.0469,-0.1719,0.9534,s
0.0469,-0.1876,0.9691,s
0.0625,-0.1876,0.9691,s
0.0469,-0.1876,0.9691,s
0.0625,-0.1876,0.9691,s
0.0625,-0.1876,0.9534,s
0.0469,-0.1876,0.9691,s
0.0469,-0.1719,0.9691,s
0.0625,-0.1719,0.9534,s
0.0625,-0.1876,0.9691,s
0.0469,-0.1876,0.9534,s
0.0469,-0.2032,0.9534,s
0.0469,-0.1876,0.9378,s
0.0469,-0.1876,0.9534,s
0.0625,-0.1876,0.9534,s
0.0625,-0.1876,0.9534,s
0.0625,-0.1876,0.9534,s
0.0469,-0.1876,0.9534,s
0.0469,-0.1876,0.9684,s
0.0469,-0.2019,0.9547,s
0.0606,-0.1894,0.9672,s
0.0494,-0.2007,0.9691,s
0.0719,-0.1907,0.9691,s
0.0544,-0.1876,0.9572,s
0.0581,-0.1763,0.9647,s
0.0519,-0.1719,0.9691,s
0.0469,-0.1919,0.9691,s
0.0375,-0.1844,0.9597,s
0.04,-0.1719,0.9447,s
0.0388,-0.1801,0.9541,s
0.0388,-0.1801,0.9616,s
0.0469,-0.1719,0.9603,s
0.0531,-0.1782,0.9691,s
0.0569,-0.1876,0.9634,s
0.0519,-0.1876,0.9534,s
0.0538,-0.1876,0.9491,s
0.035,-0.1913,0.9416,s
0.0438,-0.2032,0.9534,s
0.0338,-0.2032,0.9534,s
0.0469,-0.1994,0.9534,s
0.0469,-0.1719,0.9547,s
0.0469,-0.1719,0.9691,s
0.0625,-0.1719,0.9378,s
0.0625,-0.1719,0.9691,s
0.0625,-0.1876,0.9378,s
0.0625,-0.2032,0.9534,s
0.0469,-0.1876,0.9534,s
0.0469,-0.1563,0.9691,s
0.0469,-0.1876,0.9534,s
0.0469,-0.1719,0.9691,s
0.0625,-0.1719,0.9534,s
0.0625,-0.1876,0.9534,s
0.0469,-0.1876,0.9534,s
0.0469,-0.1876,0.9534,s
0.0469,-0.1719,0.9691,s
0.0625,-0.1876,0.9534,s
0.0625,-0.2032,0.9691,s
0.0469,-0.1719,0.9534,s
0.0782,-0.2032,0.9691,s
0.0625,-0.1719,0.9534,s
0.0469,-0.1719,0.9534,s
0.0469,-0.2032,0.9378,s
0.0625,-0.1876,0.9534,s
0.0469,-0.1876,0.9691,s
0.0625,-0.1719,0.9534,s
0.0469,-0.1876,0.9378,s
0.0625,-0.1719,0.9534,s
0.0625,-0.1719,0.9691,s
0.0625,-0.1719,0.9691,s
0.0625,-0.1719,0.9547,s
0.0625,-0.1857,0.9534,s
0.0625,-0.1876,0.9534,s
0.05,-0.1876,0.9534,s
0.035,-0.1876,0.9416,s
0.0538,-0.1763,0.9491,s
0.0625,-0.1719,0.9641,s
0.0625,-0.1719,0.9691,s
0.0625,-0.1813,0.9597,s
0.0625,-0.1963,0.9447,s
0.0625,-0.1869,0.9459,s
0.055,-0.1869,0.9609,s
0.0469,-0.2032,0.9553,s
0.0531,-0.1969,0.9503,s
0.0569,-0.1876,0.9634,s
0.0469,-0.1876,0.9534,s
0.0469,-0.1876,0.9534,s
0.0469,-0.1913,0.9534,s
0.05,-0.1969,0.9566,s
0.0625,-0.1719,0.9641,s
0.0606,-0.1738,0.9416,s
0.0481,-0.1876,0.9678,s
0.0625,-0.1876,0.9534,s
0.0469,-0.1719,0.9691,s
0.0469,-0.1876,0.9534,s
0.0469,-0.1719,0.9691,s
0.0469,-0.1876,0.9691,s
0.0469,-0.1876,0.9534,s
0.0625,-0.1876,0.9691,s
0.0469,-0.1876,0.9534,s
0.0469,-0.1876,0.9534,s
0.0469,-0.1719,0.9534,s
0.0782,-0.1876,0.9534,s
0.0469,-0.1876,0.9534,s
0.0313,-0.2032,0.9534,s
0.0313,-0.1876,0.9691,s
0.0469,-0.1876,0.9691,s
0.0625,-0.1719,0.9534,s
0.0625,-0.1876,0.9534,s
0.0313,-0.1719,0.9691,s
0.0469,-0.1876,0.9534,s
0.0469,-0.1876,0.9534,s
0.0469,-0.2019,0.9534,s
0.0606,-0.1757,0.9534,s
0.0363,-0.1851,0.9666,s
0.0313,-0.1876,0.9691,s
0.055,-0.1876,0.9453,s
0.0513,-0.1988,0.9491,s
0.0469,-0.2032,0.9747,s
0.0469,-0.1932,0.9647,s
0.0469,-0.1782,0.9628,s
0.0469,-0.1807,0.9603,s
0.055,-0.1876,0.9534,s
0.0475,-0.1801,0.9609,s
0.0381,-0.1788,0.9691,s
0.0469,-0.1876,0.9628,s
0.0525,-0.1876,0.9534,s
0.0575,-0.1826,0.9484,s
0.0513,-0.1763,0.9422,s
0.055,-0.1913,0.9534,s
0.0375,-0.1969,0.9566,s
0.06,-0.1719,0.9666,s
0.0488,-0.1738,0.9553,s
0.0613,-0.1863,0.9678,s
0.0469,-0.1719,0.9534,s
0.0313,-0.1876,0.9378,s
0.0469,-0.1719,0.9534,s
0.0313,-0.1719,0.9691,s
0.0469,-0.1876,0.9534,s
0.0782,-0.1876,0.9691,s
0.0469,-0.2032,0.9534,s
0.0625,-0.1876,0.9691,s
0.0469,-0.1719,0.9534,s
0.0625,-0.1876,0.9691,s
0.0782,-0.1719,0.9534,s
0.0313,-0.1719,0.9534,s
0.0469,-0.1876,0.9534,s
0.0625,-0.1876,0.9534,s
0.0469,-0.1876,0.9691,s
0.0469,-0.1719,0.9691,s
0.0469,-0.1719,0.9534,s
0.0469,-0.1876,0.9534,s
0.0782,-0.1876,0.9534,s
0.0313,-0.1719,0.9534,s
0.0625,-0.1876,0.9378,s
0.0469,-0.1876,0.9534,s
0.0625,-0.1876,0.9691,s
0.0469,-0.1876,0.9378,s
0.0469,-0.1719,0.9534,s
0.0469,-0.1719,0.9534,s
0.0782,-0.1719,0.9534,s
0.0469,-0.1719,0.9691,s
0.0469,-0.1719,0.9378,s
0.0625,-0.1719,0.9534,s
0.0625,-0.1876,0.9534,s
0.0469,-0.1876,0.9534,s
0.0313,-0.1719,0.9534,s
0.0469,-0.1719,0.9534,s
0.0625,-0.1719,0.9534,s
0.0625,-0.1876,0.9534,s
0.0469,-0.1719,0.9534,s
0.0625,-0.1719,0.9534,s
0.0625,-0.1719,0.9534,s
0.0625,-0.1719,0.9378,s
0.0469,-0.1719,0.9691,s
0.0313,-0.1719,0.9534,s
0.0469,-0.1719,0.9378,s
0.0313,-0.1876,0.9691,s
0.0625,-0.1876,0.9534,s
0.0469,-0.1876,0.9534,s
0.0625,-0.1876,0.9691,s
0.0625,-0.1876,0.9534,s
0.0469,-0.1719,0.9534,s
0.0469,-0.1719,0.9534,s
0.0625,-0.1719,0.9534,s
0.0625,-0.1876,0.9534,s
0.0625,-0.1576,0.9534,s
0.0769,-0.1851,0.9534,s
0.0644,-0.1876,0.9534,s
0.0625,-0.1876,0.9534,s
0.05,-0.1751,0.9409,s
0.0588,-0.1838,0.9378,s
0.0625,-0.1876,0.9491,s
0.0519,-0.1769,0.9747,s
0.0569,-0.1719,0.9647,s
0.0625,-0.1813,0.9534,s
0.0538,-0.1876,0.9622,s
0.0469,-0.1876,0.9609,s
0.0544,-0.1876,0.9459,s
0.0625,-0.1876,0.9447,s
0.0625,-0.1813,0.9534,s
0.0625,-0.1776,0.9534,s
0.0675,-0.1826,0.9434,s
0.0694,-0.1763,0.9309,s
0.0506,-0.1838,0.9534,s
0.0625,-0.1719,0.9534,s
0.0625,-0.1744,0.9534,s
0.0625,-0.1876,0.9534,s
0.06,-0.1876,0.9534,s
0.0313,-0.1876,0.9534,s
0.0625,-0.1876,0.9534,s
0.0782,-0.1876,0.9534,s
0.0625,-0.2032,0.9534,s
0.0469,-0.1876,0.9378,s
0.0625,-0.1876,0.9691,s
0.0625,-0.1876,0.9534,s
0.0313,-0.1876,0.9534,s
0.0313,-0.1876,0.9534,s
0.0625,-0.1719,0.9534,s
0.0625,-0.1719,0.9691,s
0.0625,-0.2032,0.9534,s
0.0469,-0.1719,0.9691,s
0.0469,-0.2032,0.9534,s
0.0469,-0.1719,0.9691,s
0.0625,-0.1876,0.9534,s
0.0625,-0.1876,0.9534,s
0.0469,-0.1876,0.9534,s
0.0625,-0.1719,0.9534,s
0.0625,-0.1876,0.9534,s
0.0313,-0.1876,0.9534,s
0.0469,-0.1876,0.9534,s
0.1125,-0.1063,0.9566,t
0.105,-0.125,0.9491,t
0.12,-0.12,0.9691,t
0.1094,-0.1138,0.9603,t
0.1132,-0.1175,0.9416,t
0.1219,-0.0969,0.9503,t
0.1119,-0.1094,0.9403,t
0.125,-0.1094,0.9553,t
0.1238,-0.1094,0.9666,t
0.1094,-0.1094,0.9378,t
0.125,-0.0938,0.9691,t
0.1094,-0.1094,0.9378,t
0.125,-0.1094,0.9691,t
0.125,-0.0938,0.9378,t
0.1094,-0.125,0.9691,t
0.125,-0.0938,0.9691,t
0.1094,-0.0938,0.9378,t
0.1094,-0.125,0.9534,t
0.125,-0.1094,0.9378,t
0.1094,-0.0938,0.9691,t
0.1094,-0.125,0.9534,t
0.125,-0.125,0.9691,t
0.1094,-0.1094,0.9534,t
0.1094,-0.125,0.9534,t
0.1094,-0.125,0.9378,t
0.1094,-0.1094,0.9534,t
0.0938,-0.125,0.9534,t
0.1094,-0.1094,0.9534,t
0.125,-0.125,0.9378,t
0.1094,-0.1094,0.9378,t
0.125,-0.1094,0.9534,t
0.0938,-0.1407,0.9534,t
0.1094,-0.125,0.9534,t
0.0938,-0.1094,0.9534,t
0.1094,-0.125,0.9534,t
0.1094,-0.1407,0.9534,t
0.1094,-0.125,0.9534,t
0.1094,-0.1094,0.9534,t
0.1094,-0.125,0.9534,t
0.1094,-0.125,0.9534,t
0.1094,-0.125,0.9534,t
0.0938,-0.1094,0.9378,t
0.0938,-0.125,0.9691,t
0.0938,-0.125,0.9378,t
0.0938,-0.125,0.9534,t
0.1094,-0.125,0.9534,t
0.1094,-0.1094,0.9378,t
0.0938,-0.125,0.9534,t
0.1094,-0.125,0.9534,t
0.1094,-0.125,0.9378,t
0.0938,-0.125,0.9534,t
0.0938,-0.1094,0.9534,t
0.0938,-0.125,0.9691,t
0.1094,-0.1094,0.9534,t
0.1094,-0.1094,0.9691,t
0.1094,-0.125,0.9222,t
0.1719,-0.2501,1.0941,t
-1.266,1.2973,1.5943,t
0.422,1.5161,1.6412,t
-0.3126,1.0472,0.6721,t
0.1719,-0.3751,-0.4533,t
0.0819,-1.4405,0.8672,t
-0.1232,0.3845,1.5836,t
-0.2782,-0.1407,-0.0781,t
0.1363,-0.7202,-0.5227,t
0.0188,-0.5877,-0.1751,t
-0.055,-0.2226,0.4802,t
0.1063,-0.0688,0.904,t
-0.0194,0.0488,1.0641,t
0.0406,-0.2363,1.0141,t
0.2001,-0.272,0.9972,t
0.0838,-0.0056,0.9459,t
-0.0631,0.1657,0.8503,t
0.0794,0.1507,0.9478,t
0.1125,0.0044,0.9978,t
-0.0063,-0.0406,0.9065,t
0.0613,0.0456,0.9422,t
0.0263,0.0356,0.9422,t
0.02,0.0519,0.9803,t
0.0313,0.0369,0.9691,t
0.0313,0.1782,0.9722,t
0.0363,0.0907,0.9772,t
0.0625,0.1525,0.9359,t
0.0588,0.1263,0.9222,t
0.0156,0.1407,0.9222,t
0.0469,0.0938,0.9691,t
0.0625,0.125,0.9534,t
0.0938,0.1407,0.9691,t
0.0782,0.1094,0.9534,t
0.1407,0.1563,0.9534,t
0.125,0.125,0.9534,t
0.297,0.1719,0.8753,t
0.1719,0.3595,0.9222,t
0.0625,0.1094,0.9847,t
0.0938,0.1094,0.9847,t
0.0782,0.125,0.9378,t
0.1094,0.1094,0.9222,t
0.125,0.1094,1.0003,t
0.0782,0.0938,0.9534,t
0.1094,0.0938,0.9691,t
0.0938,0.0782,0.9534,t
0.0782,0.0782,0.9534,t
0.0938,0.0938,0.9534,t
0.0625,0.0782,0.9534,t
0.0469,0.0782,1.0003,t
0.0782,0.0469,0.9378,t
0.0625,0.0469,0.9534,t
0.0625,0.0469,0.9534,t
0.0782,0.0469,0.9534,t
0.0782,0.0469,0.9691,t
0.0469,0.0156,0.9534,t
0.0469,0.0456,0.9534,t
0.0469,0.0181,0.9534,t
0.0469,0.0294,0.9672,t
0.06,0.005,0.9691,t
0.05,0.0125,0.9816,t
0.0469,0.0156,0.9847,t
0.0469,0.0156,0.9734,t
0.0469,0.0263,0.9691,t
0.0469,0.0213,0.9791,t
0.0563,0.0156,0.9753,t
0.0625,0.0331,0.9691,t
0.0544,0.0469,0.9609,t
0.0469,0.0319,0.9534,t
0.0538,0.0156,0.9466,t
-0.0625,0.1876,0.9378,t
-0.0469,0.1719,0.9534,t
-0.0625,0.1876,0.9378,t
-0.0156,0.2188,0.9378,t
-0.0625,0.1719,0.9534,t
-0.0469,0.1876,1.0003,t
-0.0625,0.1563,0.9534,t
-0.0782,0.1563,0.9691,t
-0.0625,0.1563,0.9847,t
-0.0469,0.1719,0.9534,t
0,0.1563,0.9847,t
0.0156,0.125,0.9534,t
0.0156,0.125,0.9534,t
-0.0156,0.125,0.9534,t
-0.0156,0.1094,0.9691,t
-0.0469,0.1094,0.9847,t
-0.0156,0.0938,0.9534,t
-0.0156,0.1094,0.9534,t
0,0.0938,0.9534,t
0,0.125,0.9534,t
0,0.0782,0.9534,t
0,0.0782,0.9691,t
-0.0156,0.0782,0.9534,t
-0.0156,0.0782,0.9534,t
0,0.1094,0.9534,t
0.03,0.1094,0.9834,t
0.0025,0.0663,0.9703,t
-0.0138,0.0625,0.9691,t
-0.0025,0.0756,0.9559,t
0.0125,0.1032,0.9784,t
-0.0081,0.0975,0.9728,t
-0.0156,0.0938,0.9578,t
-0.0156,0.0938,0.9641,t
-0.0056,0.0938,0.9791,t
-0.0094,0.1032,0.9753,t
-0.0069,0.1094,0.9603,t
-0.0081,0.1094,0.9616,t
-0.0156,0.1094,0.9616,t
-0.0156,0.1025,0.9534,t
-0.0031,0.0938,0.9659,t
0.01,0.0994,0.9791,t
-0.01,0.1044,0.9741,t
-0.0225,0.085,0.9759,t
0,0.0663,0.9534,t
0.0031,0.0813,0.9597,t
0.0206,0.1163,0.9797,t
0.0038,0.2232,0.9553,t
-0.2851,0.1357,0.9641,t
0.0313,0.0782,0.9065,t
0.125,-0.0625,1.0003,t
0.0313,-0.0156,0.9691,t
-0.0313,-0.0469,0.9691,t
-0.0625,-0.0156,0.9534,t
-0.1094,0.0469,0.9691,t
-0.0313,0.0782,1.0003,t
0.0313,-0.1719,0.9534,t
0.0782,0.3126,0.844,t
1.2035,2.2976,2.2038,t
-1.9225,0.4533,0.5627,t
0.7034,-0.4533,0.6252,t
-1.5474,0.9847,-1.1566,t
0.0782,-0.7034,0.2657,t
0.6408,-0.0313,1.016,t
-0.4533,0.5314,0.8753,t
0.3439,-0.4064,0.1407,t
0.6096,-0.0782,0.6877,t
0.2813,0.0782,0.6252,t
0.422,-0.6096,1.0628,t
-0.1563,0.2813,0.7971,t
0.0469,0.4376,0.8753,t
0.3595,0,1.0003,t
0.2188,-0.1407,1.0316,t
0.0469,0.0625,1.141,t
-0.0938,-0.0469,1.0316,t
-0.1563,-0.0313,0.8753,t
-0.0813,0.0888,0.9953,t
-0.0063,0.065,0.9572,t
0.055,0.035,0.9809,t
0.0625,0.0181,0.9584,t
0.0625,-0.0094,0.9534,t
0.0744,0.0556,0.9891,t
0.0444,0.0669,0.9553,t
-0.0325,0.0625,0.9803,t
-0.0725,0.0725,0.9403,t
-0.0875,0.0969,0.9441,t
-0.0675,0.1007,0.9778,t
-0.0306,0.0857,0.9847,t
-0.0006,0.0706,0.9697,t
0.0088,0.0625,0.9534,t
0.0125,0.0563,0.9597,t
0.0256,0.0581,0.9691,t
0.0106,0.0731,0.9691,t
0,0.0669,0.9691,t
-0.0038,0.0744,0.9691,t
-0.0125,0.0625,0.9659,t
-0.0025,0.065,0.9584,t
-0.0156,0.0763,0.9791,t
-0.0156,0.0625,0.9391,t
-0.0156,0.0625,0.9534,t
-0.0156,0.0625,0.9691,t
0.0313,0.0782,0.9691,t
-0.0156,0.0782,0.9691,t
0,0.0625,0.9691,t
0,0.0625,0.9691,t
0,0.0625,0.9691,t
0.0156,0.0625,0.9691,t
0.0156,0.0625,0.9691,t
0,0.0625,0.9534,t
0.0156,0.0625,0.9691,t
0.0156,0.0625,0.9691,t
0.0156,0.0782,0.9847,t
0,0.0782,0.9691,t
0.0156,0.0625,0.9534,t
0,0.0625,0.9691,t
0.0156,0.0625,0.9534,t
0.0156,0.0938,0.9691,t
0,0.0625,0.9691,t
0.0156,0.0782,0.9691,t
0.0156,0.0625,0.9534,t
0,0.0938,0.9847,t
0,0.0625,0.9691,t
0.0156,0.0782,0.9847,t
-0.0156,0.0625,0.9847,t
0,0.0782,0.9691,t
0.0156,0.0625,0.9691,t
-0.1407,-0.0156,0.9534,s
-0.125,-0.0156,0.9691,s
-0.125,-0.0156,0.9691,s
-0.1407,-0.0313,0.9691,s
-0.1407,-0.0156,0.9691,s
-0.125,-0.0469,0.9691,s
-0.1407,-0.0156,0.9691,s
-0.1407,-0.0156,0.9691,s
-0.1407,-0.0156,0.9847,s
-0.125,-0.0469,0.9691,s
-0.1407,0.0156,0.9847,s
-0.1094,0,0.9691,s
-0.1407,-0.0313,0.9691,s
-0.1407,-0.0163,0.9841,s
-0.1407,-0.0156,0.9847,s
-0.1407,-0.0294,0.9847,s
-0.1275,-0.0181,0.9716,s
-0.125,-0.0031,0.9691,s
-0.1488,-0.0119,0.9691,s
-0.145,-0.0156,0.9691,s
-0.13,-0.0369,0.9797,s
-0.135,-0.0269,0.9647,s
-0.1407,-0.025,0.9722,s
-0.1319,-0.0225,0.9759,s
-0.1413,-0.0156,0.9772,s
-0.1413,-0.0231,0.9772,s
-0.1319,-0.0244,0.9691,s
-0.1344,-0.0031,0.9753,s
-0.1307,-0.0013,0.9791,s
-0.1407,-0.0213,0.9741,s
-0.1363,-0.0044,0.9803,s
-0.125,-0.0156,0.9728,s
-0.1282,-0.0125,0.9816,s
-0.1382,-0.005,0.9691,s
-0.125,-0.0294,0.9672,s
-0.125,-0.0169,0.9559,s
-0.125,-0.0313,0.9847,s
-0.1407,-0.0156,0.9691,s
-0.1407,-0.0156,0.9847,s
-0.1407,-0.0156,0.9691,s
-0.1094,-0.0313,0.9691,s
-0.1094,0,0.9691,s
-0.1407,-0.0313,0.9847,s
-0.1407,-0.0156,0.9691,s
-0.1407,0,0.9534,s
-0.1407,0,1.0003,s
-0.125,-0.0156,0.9691,s
-0.125,-0.0313,0.9847,s
-0.1407,-0.0156,0.9691,s
-0.125,-0.0313,0.9847,s
-0.1407,-0.0313,0.9847,s
-0.125,-0.0156,0.9691,s
-0.1407,-0.0156,0.9691,s
-0.125,-0.0156,0.9691,s
-0.125,-0.0156,0.9847,s
-0.125,-0.0156,0.9847,s
-0.125,-0.0313,0.9847,s
-0.125,0,0.9847,s
-0.125,0,0.9691,s
-0.1407,-0.0156,0.9691,s
-0.1407,-0.0313,0.9847,s
-0.1407,-0.0156,0.9847,s
-0.125,0,0.9691,s
-0.125,-0.03,0.9691,s
-0.125,-0.0313,0.9834,s
-0.1113,-0.0038,0.9847,s
-0.1225,-0.0263,0.9584,s
-0.125,-0.0188,0.9909,s
-0.125,-0.0156,0.9766,s
-0.125,-0.0156,0.9803,s
-0.125,-0.005,0.9847,s
-0.125,-0.02,0.9747,s
-0.1157,-0.0219,0.9691,s
-0.1182,-0.0069,0.9691,s
-0.125,-0.0081,0.9772,s
-0.125,-0.0156,0.9772,s
-0.125,-0.0156,0.9759,s
-0.125,-0.0219,0.9847,s
-0.125,-0.0256,0.9847,s
-0.13,-0.0206,0.9747,s
-0.1319,-0.0269,0.9622,s
-0.1094,-0.0156,0.9809,s
-0.1125,-0.0125,0.9753,s
-0.125,0,0.9978,s
-0.1269,-0.0019,0.9847,s
-0.1394,-0.0156,0.9834,s
-0.125,-0.0156,0.9691,s
-0.1407,-0.0156,0.9691,s
-0.1407,0,0.9847,s
-0.1407,-0.0156,0.9691,s
-0.125,-0.0313,0.9691,s
-0.1407,-0.0156,0.9847,s
-0.1094,0,0.9847,s
-0.1094,0,0.9847,s
-0.125,-0.0156,0.9691,s
-0.125,0,0.9691,s
-0.1407,-0.0313,0.9534,s
-0.125,-0.0156,1.0003,s
-0.125,-0.0156,0.9691,s
-0.1407,-0.0156,0.9534,s
-0.125,-0.0313,0.9691,s
-0.1094,-0.0156,0.9691,s
-0.125,-0.0313,0.9691,s
-0.125,0,0.9691,s
-0.125,-0.0156,0.9691,s
-0.125,-0.0156,0.9847,s
-0.125,-0.0156,0.9847,s
-0.125,-0.0156,0.9847,s
-0.125,-0.0156,0.9847,s
-0.1407,-0.0313,0.9847,s
-0.125,0,0.9847,s
-0.1094,-0.0156,0.9691,s
-0.1407,0,0.9691,s
-0.125,-0.0156,0.9847,s
-0.125,-0.0313,0.9847,s
-0.1407,-0.0156,0.9534,s
-0.125,-0.0313,0.9847,s
-0.125,-0.0156,0.9847,s
-0.125,-0.0313,0.9691,s
-0.1407,-0.0156,0.9691,s
-0.1407,-0.0156,0.9691,s
-0.125,-0.0156,0.9534,s
-0.1407,-0.0313,0.9691,s
-0.1407,-0.0313,0.9847,s
-0.1407,-0.0156,0.9847,s
-0.125,-0.0156,0.9691,s
-0.1363,-0.0269,0.9691,s
-0.1194,-0.0206,0.9691,s
-0.1294,-0.0156,0.9791,s
-0.1407,-0.025,0.9847,s
-0.1232,-0.0313,0.9759,s
-0.1175,-0.0313,0.9691,s
-0.125,-0.0088,0.9691,s
-0.1319,0.0019,0.9691,s
-0.1407,-0.0156,0.9691,s
-0.135,-0.01,0.9691,s
-0.12,-0.005,0.9741,s
-0.1138,-0.02,0.9847,s
-0.125,-0.0275,0.9847,s
-0.1219,-0.0156,0.9847,s
-0.1119,-0.0131,0.9822,s
-0.125,-0.0019,0.9709,s
-0.125,-0.0169,0.9834,s
-0.125,-0.0313,0.9691,s
-0.125,-0.0313,0.9691,s
-0.1407,-0.0156,0.9691,s
-0.1407,-0.0156,0.9847,s
-0.125,-0.0156,0.9847,s
-0.125,-0.0156,1.0003,s
-0.1407,-0.0156,0.9847,s
-0.1407,-0.0156,0.9847,s
-0.1094,-0.0313,0.9847,s
-0.1407,-0.0469,0.9691,s
-0.125,-0.0313,0.9847,s
-0.1094,-0.0156,0.9691,s
-0.125,-0.0313,0.9691,s
-0.125,-0.0156,0.9691,s
-0.1407,-0.0156,0.9847,s
-0.125,-0.0156,0.9691,s
-0.1094,-0.0313,0.9691,s
-0.125,-0.0156,0.9691,s
-0.125,-0.0156,0.9847,s
-0.1407,-0.0313,0.9847,s
-0.125,-0.0156,1.0003,s
-0.1407,-0.0156,0.9691,s
-0.1407,-0.0469,0.9691,s
-0.1407,-0.0156,0.9847,s
-0.1407,0,0.9691,s
-0.1407,-0.0313,0.9691,s
-0.1094,-0.0313,0.9691,s
-0.1244,-0.0313,0.9841,s
-0.125,-0.0169,0.9847,s
-0.1388,-0.0156,0.9847,s
-0.1144,-0.0156,0.9847,s
-0.1094,-0.0031,0.9847,s
-0.1213,-0.0119,0.9847,s
-0.125,-0.0156,0.9734,s
-0.125,-0.0263,0.9691,s
-0.125,-0.0213,0.9791,s
-0.125,-0.0344,0.9847,s
-0.125,-0.0381,0.9847,s
-0.125,-0.0231,0.9847,s
-0.125,-0.0156,0.9847,s
-0.1319,-0.0156,0.9847,s
-0.1344,-0.0156,0.9784,s
-0.1307,-0.0213,0.9691,s
-0.1407,-0.0263,0.9791,s
-0.1363,-0.02,0.9959,s
-0.1288,-0.0313,0.9772,s
-0.1344,-0.0281,0.9597,s
-0.1144,-0.0181,0.9822,s
-0.1388,-0.0294,0.9709,s
-0.125,-0.0144,0.9847,s
-0.125,0,0.9847,s
-0.125,-0.0156,1.0003,s
-0.125,-0.0156,0.9847,s
-0.125,-0.0313,0.9691,s
-0.125,0,0.9847,s
-0.125,0,0.9847,s
-0.125,-0.0156,0.9847,s
-0.125,-0.0156,0.9691,s
-0.1407,-0.0313,0.9691,s
-0.125,-0.0156,0.9847,s
-0.1407,-0.0156,0.9691,s
-0.125,-0.0156,0.9847,s
-0.125,-0.0156,0.9847,s
-0.125,-0.0156,0.9691,s
-0.125,0,0.9847,s
-0.1407,-0.0313,0.9847,s
-0.125,-0.0156,0.9691,s
-0.1407,0,0.9534,s
-0.1407,-0.0313,0.9847,s
-0.125,-0.0313,0.9691,s
-0.125,-0.0156,0.9691,s
-0.1407,-0.0313,0.9847,s
-0.125,-0.0156,0.9847,s
-0.125,-0.0313,0.9847,s
-0.125,-0.0156,0.9847,s
-0.1094,-0.0156,0.9691,s
-0.1407,0,0.9691,s
-0.1257,-0.015,0.9541,s
-0.125,-0.0156,0.9678,s
-0.125,-0.0019,0.9691,s
-0.125,-0.0131,0.9691,s
-0.125,-0.0281,0.9816,s
-0.125,-0.0313,0.9728,s
-0.1363,-0.0313,0.9691,s
-0.13,-0.0313,0.9797,s
-0.135,-0.0313,0.9847,s
-0.1313,-0.0313,0.9753,s
-0.125,-0.0225,0.9778,s
-0.125,-0.0075,0.9847,s
-0.125,0,0.9772,s
-0.125,-0.0069,0.9691,s
-0.1313,-0.0219,0.9691,s
-0.135,-0.0256,0.9691,s
-0.125,-0.0206,0.9741,s
-0.125,-0.0313,0.9847,s
-0.1288,-0.0313,0.9847,s
-0.1375,-0.025,0.9816,s
-0.125,-0.0075,0.9666,s
-0.125,-0.045,0.9572,s
-0.1263,-0.0288,0.9847,s
-0.1407,0,0.9847,s
-0.1407,-0.0156,0.9847,s
-0.125,-0.0156,0.9691,s
-0.125,-0.0313,0.9847,s
-0.125,-0.0156,0.9847,s
-0.125,-0.0156,0.9691,s
-0.125,0,0.9847,s
-0.125,-0.0156,0.9534,s
-0.1407,-0.0156,0.9691,s
-0.1407,-0.0313,0.9534,s
-0.1563,-0.0313,0.9691,s
-0.1563,-0.0313,0.9691,s
-0.125,-0.0156,0.9847,s
-0.1094,-0.0156,0.9847,s
-0.1407,-0.0313,0.9691,s
-0.125,-0.0156,0.9534,s
-0.125,-0.0156,0.9847,s
-0.125,0,0.9847,s
-0.1407,-0.0156,0.9847,s
-0.125,-0.0156,0.9691,s
-0.125,-0.0156,0.9691,s
-0.1407,-0.0156,0.9691,s
-0.125,-0.0156,0.9847,s
-0.1407,-0.0313,0.9847,s
-0.125,-0.0156,0.9691,s
-0.125,-0.0156,0.9691,s
-0.125,-0.0156,0.9691,s
-0.1394,-0.0156,0.9691,s
-0.1269,-0.0156,0.9828,s
-0.1382,-0.0156,0.9716,s
-0.1407,-0.0156,0.9566,s
-0.1288,-0.0275,0.9534,s
-0.125,-0.0313,0.9534,s
-0.1357,-0.0206,0.9641,s
-0.1307,-0.0256,0.9791,s
-0.1344,-0.0219,0.9847,s
-0.1319,-0.0244,0.9847,s
-0.1332,-0.0231,0.9766,s
-0.1332,-0.0081,0.9766,s
-0.125,-0.0069,0.9709,s
-0.1313,-0.0156,0.9659,s
-0.1407,-0.0156,0.9847,s
-0.1407,-0.0206,0.9847,s
-0.1319,-0.0269,0.9803,s
-0.1094,-0.0194,0.9728,s
-0.1094,-0.0281,0.9816,s
-0.1094,-0.0156,0.9716,s
-0.1113,-0.0156,0.9847,s
-0.1263,-0.0156,0.9822,s
-0.1407,-0.0156,0.9534,s
-0.1407,-0.0313,0.9691,s
-0.125,-0.0156,0.9847,s
-0.125,0,0.9691,s
-0.1094,-0.0156,0.9847,s
-0.1407,-0.0156,1.0003,s
-0.125,-0.0156,0.9847,s
-0.1094,-0.0156,0.9691,s
-0.125,-0.0156,0.9847,s
-0.125,-0.0313,0.9691,s
-0.1407,-0.0156,1.0003,s
-0.125,-0.0156,0.9847,s
-0.125,-0.0313,1.0003,s
-0.125,-0.0156,0.9691,s
-0.125,-0.0156,0.9847,s
-0.125,-0.0469,0.9847,s
-0.1407,-0.0156,0.9691,s
-0.1094,0,0.9847,s
-0.125,-0.0313,0.9691,s
-0.1407,-0.0313,0.9691,s
-0.125,-0.0156,0.9691,s
-0.1094,0,0.9847,s
-0.125,-0.0156,0.9691,s
-0.1094,-0.0156,0.9691,s
-0.125,0,0.9691,s
-0.1407,-0.0313,0.9847,s
-0.125,-0.0156,0.9847,s
-0.11,-0.0156,0.9697,s
-0.1382,-0.0013,0.9691,s
-0.1407,-0.0138,0.9828,s
-0.1407,-0.0156,0.9847,s
-0.1157,-0.0156,0.9847,s
-0.1213,-0.0156,0.9728,s
-0.1138,-0.0156,0.9803,s
-0.12,-0.0263,0.9741,s
-0.125,-0.0313,0.9691,s
-0.125,-0.0125,0.9597,s
-0.125,-0.0175,0.9709,s
-0.125,-0.0313,0.9847,s
-0.125,-0.0238,0.9847,s
-0.125,-0.0156,0.9709,s
-0.125,-0.0219,0.9722,s
-0.125,-0.0256,0.9947,s
-0.125,-0.0156,0.9847,s
-0.125,-0.0156,0.9847,s
-0.125,-0.0156,0.9809,s
-0.1282,-0.0188,0.9691,s
-0.1382,-0.0288,0.9716,s
-0.125,-0.0175,0.9828,s
-0.1238,-0.03,0.9703,s
-0.1094,-0.0156,0.9847,s
-0.1407,-0.0156,0.9534,s
-0.1094,-0.0313,0.9691,s
-0.1094,-0.0156,0.9847,s
-0.1094,0,0.9691,s
-0.1407,-0.0469,0.9847,s
-0.1094,-0.0313,0.9691,s
-0.1407,-0.0313,0.9847,s
-0.125,-0.0156,0.9847,s
-0.125,-0.0313,0.9691,s
-0.125,-0.0156,0.9847,s
-0.1407,-0.0156,0.9691,s
-0.125,-0.0156,0.9847,s
-0.1094,-0.0156,0.9691,s
-0.125,-0.0156,0.9847,s
-0.1094,-0.0156,0.9691,s
-0.1094,-0.0156,0.9691,s
-0.125,-0.0156,0.9847,s
-0.1407,-0.0156,0.9847,s
-0.125,-0.0156,0.9847,s
-0.125,-0.0156,0.9847,s
-0.125,-0.0156,0.9847,s
-0.125,-0.0156,0.9847,s
-0.125,-0.0469,0.9691,s
-0.125,-0.0156,0.9691,s
-0.125,0,0.9534,s
-0.125,0,0.9847,s
-0.11,-0.015,0.9847,s
-0.1094,-0.03,0.9703,s
-0.1232,-0.0175,0.9691,s
-0.125,-0.0025,0.9691,s
-0.1375,-0.025,0.9816,s
-0.1288,-0.0194,0.9728,s
-0.1719,0.422,0.8597,t
-0.1719,0.422,0.8753,t
-0.1876,0.4533,0.8597,t
-0.1719,0.4376,0.8753,t
-0.1719,0.422,0.8753,t
-0.1719,0.422,0.8753,t
-0.1563,0.4376,0.8909,t
-0.1713,0.4226,0.8759,t
-0.1719,0.4364,0.8753,t
-0.1719,0.4101,0.8753,t
-0.1719,0.4195,0.8753,t
-0.1719,0.422,0.8878,t
-0.1601,0.422,0.879,t
-0.1676,0.422,0.8865,t
-0.1719,0.422,0.8803,t
-0.1619,0.422,0.8753,t
-0.1751,0.4126,0.8753,t
-0.1963,0.4151,0.8578,t
-0.1951,0.422,0.8603,t
-0.1801,0.4145,0.8828,t
-0.1719,0.4133,0.884,t
-0.1782,0.422,0.8753,t
-0.1876,0.422,0.8753,t
-0.1876,0.422,0.8753,t
-0.1876,0.4176,0.8753,t
-0.1876,0.4139,0.8715,t
-0.1876,0.4345,0.8628,t
-0.1851,0.422,0.8728,t
-0.1719,0.4239,0.8634,t
-0.1732,0.4364,0.8884,t
-0.1876,0.422,0.8597,t
-0.1719,0.4064,0.8909,t
-0.1719,0.422,0.8909,t
-0.1719,0.4064,0.8753,t
-0.1719,0.422,0.8597,t
-0.1876,0.422,0.8753,t
-0.1719,0.4064,0.9065,t
-0.1876,0.422,0.8753,t
-0.1876,0.422,0.8753,t
-0.1876,0.422,0.8753,t
-0.1719,0.422,0.8753,t
-0.1876,0.422,0.8753,t
-0.1876,0.4064,0.8753,t
-0.1719,0.4376,0.8753,t
-0.1719,0.422,0.8753,t
-0.1876,0.422,0.8753,t
-0.2032,0.422,0.8753,t
-0.1563,0.422,0.8753,t
-0.1876,0.422,0.8753,t
-0.1719,0.4064,0.8909,t
-0.1876,0.4064,0.8753,t
-0.1876,0.4064,0.8753,t
-0.1563,0.4064,0.8909,t
-0.1719,0.4064,0.8753,t
-0.1094,0.4376,0.9691,t
0,0.1563,1.141,t
0.422,0.7971,1.2191,t
-0.3732,2.4477,0.9941,t
-0.0325,-1.0928,0.9416,t
0.2201,0.1063,0.649,t
-0.0256,0.2338,0.9772,t
-0.1032,0.3314,0.9722,t
-0.0025,0.11,1.2029,t
-0.0475,0.3464,1.0228,t
0.0175,0.1819,0.7415,t
0.0125,0.237,0.7665,t
0.0031,0.5314,0.819,t
-0.0544,0.5952,0.8215,t
-0.1013,0.5308,0.8284,t
-0.1088,0.4933,0.9034,t
-0.07,0.4551,0.9228,t
-0.05,0.4064,0.8628,t
-0.1194,0.337,0.8684,t
-0.1394,0.317,0.8334,t
-0.1944,0.3507,0.8659,t
-0.1569,0.332,0.9222,t
-0.1157,0.3376,0.9284,t
-0.1432,0.3201,0.9434,t
-0.1619,0.3632,0.9022,t
-0.2057,0.397,0.9772,t
-0.2345,0.4689,0.8909,t
-0.1563,0.3751,0.9222,t
-0.1094,0.422,0.9065,t
-0.0938,0.3908,0.9065,t
-0.125,0.4064,0.9065,t
-0.0938,0.3908,0.8909,t
-0.0625,0.3908,0.9065,t
-0.1094,0.3908,0.9065,t
-0.1094,0.3751,0.8909,t
-0.1094,0.422,0.9065,t
-0.1094,0.3908,0.8909,t
-0.125,0.3908,0.8909,t
-0.1094,0.4064,0.8909,t
-0.1094,0.4064,0.8909,t
-0.125,0.3908,0.8753,t
-0.0938,0.3908,0.8753,t
-0.0938,0.4064,0.9065,t
-0.1094,0.3908,0.8909,t
-0.0938,0.3908,0.8909,t
-0.1094,0.4064,0.8909,t
-0.1094,0.4064,0.9065,t
-0.1094,0.4064,0.8909,t
-0.0938,0.3751,0.8909,t
-0.1094,0.4064,0.8909,t
-0.125,0.4064,0.8909,t
-0.125,0.4064,0.8753,t
-0.0938,0.3751,0.8909,t
-0.1094,0.3908,0.8597,t
-0.1094,0.3751,0.8909,t
-0.1094,0.3908,0.8753,t
-0.1094,0.3908,0.8909,t
-0.0782,0.4064,0.9065,t
-0.0938,0.3908,0.9065,t
-0.0938,0.3751,0.9534,t
-0.0625,0.4376,0.8753,t
-0.0156,0.3439,0.8753,t
-0.0313,0.4064,0.8753,t
-0.0313,0.4376,0.9065,t
-0.0156,0.3595,0.9065,t
-0.1094,0.4064,0.8909,t
-0.1094,0.3908,0.9222,t
-0.1094,0.3908,0.8597,t
-0.0782,0.3908,0.9065,t
-0.0938,0.3908,0.9065,t
-0.0938,0.4064,0.8753,t
-0.2576,0.297,0.9065,s
-0.2588,0.3038,0.8997,s
-0.2501,0.3063,0.8909,s
-0.2557,0.3026,0.8909,s
-0.2657,0.3126,0.8859,s
-0.2613,0.317,0.884,s
-0.2501,0.3207,0.9103,s
-0.2501,0.297,0.9222,s
-0.2526,0.2995,0.9197,s
-0.2638,0.3126,0.9065,s
-0.2513,0.3126,0.9053,s
-0.2657,0.3126,0.8909,s
-0.2657,0.297,0.9065,s
-0.2501,0.3126,0.9065,s
-0.2345,0.297,0.9222,s
-0.2813,0.3126,0.8909,s
-0.2501,0.3282,0.9065,s
-0.2657,0.3126,0.9065,s
-0.2657,0.297,0.9065,s
-0.2501,0.3126,0.9065,s
-0.2657,0.3126,0.8909,s
-0.2657,0.297,0.9222,s
-0.2501,0.3282,0.8909,s
-0.2501,0.3282,0.9065,s
-0.2657,0.297,0.9065,s
-0.2657,0.3126,0.9065,s
-0.2657,0.297,0.9222,s
-0.2501,0.3282,0.9065,s
-0.2501,0.3126,0.9065,s
-0.2657,0.3126,0.8753,s
-0.2813,0.3126,0.8909,s
-0.2501,0.297,0.9065,s
-0.2501,0.3126,0.9065,s
-0.2501,0.3126,0.8909,s
-0.2657,0.3126,0.9065,s
-0.2657,0.297,0.9222,s
-0.2501,0.3126,0.9065,s
-0.2657,0.3126,0.8909,s
-0.2507,0.3126,0.9059,s
-0.2645,0.327,0.9065,s
-0.252,0.3145,0.9065,s
-0.2632,0.3126,0.9065,s
-0.2657,0.3126,0.894,s
-0.2776,0.3126,0.9028,s
-0.2701,0.3013,0.9065,s
-0.2551,0.297,0.9065,s
-0.2501,0.307,0.8965,s
-0.2595,0.3032,0.8909,s
-0.2657,0.3057,0.9084,s
-0.2657,0.3126,0.914,s
-0.2582,0.3126,0.9065,s
-0.2501,0.3057,0.9065,s
-0.2563,0.297,0.9065,s
-0.2713,0.297,0.9065,s
-0.2713,0.292,0.9015,s
-0.2545,0.2945,0.8953,s
-0.2657,0.3245,0.9028,s
-0.2657,0.3063,0.8972,s
-0.2657,0.2863,0.9197,s
-0.2676,0.3145,0.9065,s
-0.2801,0.3257,0.9053,s
-0.2657,0.297,0.8909,s
-0.2813,0.297,0.9065,s
-0.2501,0.297,0.9378,s
-0.2657,0.3126,0.8753,s
-0.2657,0.297,0.9065,s
-0.2813,0.3126,0.8909,s
-0.2657,0.3126,0.8909,s
-0.2657,0.3126,0.9065,s
-0.2657,0.3126,0.8909,s
-0.2657,0.297,0.8909,s
-0.2813,0.2813,0.8909,s
-0.2657,0.3126,0.9065,s
-0.2657,0.3126,0.9222,s
-0.2813,0.3126,0.8909,s
-0.2657,0.3126,0.9065,s
-0.2657,0.297,0.8909,s
-0.2657,0.3126,0.9065,s
-0.2501,0.297,0.8909,s
-0.2657,0.297,0.9065,s
-0.2657,0.3126,0.9222,s
-0.2501,0.297,0.9065,s
-0.2657,0.297,0.8909,s
-0.2501,0.297,0.9065,s
-0.2657,0.3126,0.8909,s
-0.2813,0.297,0.9222,s
-0.2501,0.297,0.9065,s
-0.2813,0.3126,0.9065,s
-0.2963,0.2976,0.8915,s
-0.2826,0.297,0.8909,s
-0.2676,0.297,0.9047,s
-0.2526,0.297,0.8934,s
-0.2626,0.297,0.9034,s
-0.2657,0.297,0.8947,s
-0.2657,0.3082,0.9022,s
-0.2763,0.2913,0.9065,s
-0.2813,0.3013,0.8965,s
-0.2813,0.322,0.9003,s
-0.2726,0.3195,0.889,s
-0.2738,0.3045,0.8915,s
-0.2813,0.3045,0.9065,s
-0.2813,0.3126,0.8997,s
-0.2813,0.3063,0.8909,s
-0.2757,0.3026,0.8965,s
-0.2657,0.3126,0.9065,s
-0.2701,0.3126,0.9065,s
-0.2776,0.3088,0.9065,s
-0.2688,0.3001,0.9065,s
-0.2813,0.3101,0.9065,s
-0.2813,0.297,0.9065,s
-0.2801,0.297,0.9053,s
-0.2657,0.297,0.8909,s
-0.2813,0.297,0.9065,s
-0.2657,0.3126,0.8909,s
-0.2813,0.3126,0.8909,s
-0.297,0.3282,0.9065,s
-0.2813,0.3282,0.9222,s
-0.2657,0.3126,0.9065,s
-0.2813,0.297,0.8909,s
-0.2813,0.3126,0.9065,s
-0.2813,0.297,0.8909,s
-0.2813,0.3126,0.8909,s
-0.2813,0.297,0.9065,s
-0.2813,0.2813,0.9065,s
-0.2657,0.3126,0.8909,s
-0.0231,-0.2582,0.9297,s
-0.0244,-0.257,0.9378,s
-0.0156,-0.2595,0.9315,s
-0.0156,-0.2557,0.9334,s
-0.0156,-0.2607,0.9484,s
-0.02,-0.2588,0.9378,s
-0.0313,-0.2738,0.9378,s
-0.0281,-0.2532,0.9378,s
-0.0181,-0.2632,0.9378,s
-0.0313,-0.252,0.9378,s
-0.0325,-0.2645,0.9378,s
-0.0469,-0.2501,0.9378,s
-0.0156,-0.2657,0.9378,s
-0.0313,-0.2501,0.9222,s
-0.0156,-0.2501,0.9378,s
-0.0156,-0.2501,0.9378,s
-0.0156,-0.2657,0.9534,s
-0.0313,-0.2657,0.9378,s
-0.0469,-0.2501,0.9534,s
-0.0313,-0.2657,0.9378,s
-0.0313,-0.2501,0.9222,s
-0.0156,-0.2813,0.9222,s
-0.0313,-0.2657,0.9378,s
-0.0469,-0.2657,0.9222,s
-0.0313,-0.2657,0.9378,s
-0.0156,-0.2813,0.9222,s
-0.0156,-0.2501,0.9222,s
-0.0313,-0.2501,0.9378,s
-0.0156,-0.2501,0.9222,s
-0.0313,-0.2501,0.9222,s
-0.0469,-0.2501,0.9378,s
-0.0156,-0.2657,0.9378,s
-0.0313,-0.2657,0.9378,s
-0.0313,-0.2345,0.9378,s
-0.0156,-0.2657,0.9378,s
-0.0156,-0.2501,0.9222,s
-0.0313,-0.2345,0.9534,s
0,-0.2813,0.9222,s
-0.03,-0.2513,0.9372,s
-0.0313,-0.2501,0.9378,s
-0.045,-0.2501,0.924,s
-0.0338,-0.2501,0.9484,s
-0.0313,-0.2501,0.9409,s
-0.0313,-0.2501,0.9378,s
-0.0313,-0.2501,0.9378,s
-0.0313,-0.2501,0.9484,s
-0.0313,-0.2601,0.9434,s
-0.0313,-0.2657,0.9284,s
-0.0138,-0.2657,0.9222,s
-0.0163,-0.2738,0.914,s
-0.0238,-0.2663,0.929,s
-0.0156,-0.257,0.9397,s
-0.0281,-0.2657,0.9284,s
-0.0356,-0.2657,0.9378,s
-0.0156,-0.2657,0.9378,s
-0.02,-0.2613,0.9378,s
-0.0275,-0.2576,0.9378,s
-0.0188,-0.2751,0.9347,s
-0.0313,-0.2501,0.9247,s
-0.0275,-0.252,0.934,s
-0.0025,-0.2645,0.909,s
-0.0313,-0.2501,0.9378,s
-0.0469,-0.2501,0.9378,s
-0.0313,-0.2657,0.9378,s
-0.0313,-0.2657,0.9378,s
-0.0156,-0.2657,0.9378,s
-0.0156,-0.2657,0.9534,s
-0.0156,-0.2657,0.9534,s
-0.0313,-0.2657,0.9378,s
-0.0313,-0.2501,0.9534,s
-0.0313,-0.2657,0.9378,s
-0.0156,-0.2657,0.9534,s
-0.0313,-0.2345,0.9378,s
-0.0156,-0.2501,0.9378,s
-0.0313,-0.2501,0.9222,s
-0.0313,-0.2501,0.9378,s
-0.0313,-0.2657,0.9534,s
-0.0313,-0.2501,0.9222,s
-0.0313,-0.2501,0.9534,s
-0.0313,-0.2657,0.9222,s
-0.0156,-0.2657,0.9378,s
-0.0156,-0.2501,0.9378,s
-0.0313,-0.2501,0.9534,s
-0.0313,-0.2501,0.9222,s
-0.0156,-0.2501,0.9378,s
-0.0156,-0.2657,0.9222,s
-0.0313,-0.2657,0.9378,s
-0.0313,-0.2501,0.9222,s
-0.0156,-0.2657,0.9222,s
-0.0156,-0.2501,0.9534,s
-0.0156,-0.2657,0.9378,s
-0.0313,-0.2657,0.9378,s
-0.0156,-0.2501,0.9534,s
-0.0156,-0.2657,0.9222,s
-0.0313,-0.2657,0.9534,s
-0.0156,-0.2657,0.9378,s
-0.0156,-0.2657,0.9534,s
-0.0156,-0.2501,0.9378,s
-0.0313,-0.2813,0.9534,s
-0.0313,-0.2501,0.9378,s
-0.0469,-0.2813,0.9534,s
-0.0313,-0.2657,0.9534,s
-0.0313,-0.2657,0.9534,s
-0.0156,-0.2501,0.9534,s
-0.0156,-0.2657,0.9222,s
-0.0313,-0.2501,0.9222,s
-0.0313,-0.2501,0.9534,s
-0.0156,-0.2501,0.9378,s
-0.0313,-0.2657,0.9534,s
-0.0313,-0.2813,0.9378,s
-0.0313,-0.2657,0.9378,s
-0.0313,-0.2657,0.9222,s
-0.0313,-0.2657,0.9222,s
-0.0313,-0.2507,0.9372,s
-0.0313,-0.2645,0.9234,s
-0.0175,-0.2657,0.9359,s
-0.0156,-0.2657,0.9247,s
-0.0156,-0.2532,0.9347,s
-0.0156,-0.262,0.9378,s
-0.0156,-0.2545,0.9378,s
-0.0263,-0.2713,0.9272,s
-0.0213,-0.2713,0.9322,s
-0.025,-0.2657,0.9378,s
-0.0138,-0.257,0.9378,s
-0.0081,-0.2582,0.9459,s
-0.0469,-0.2345,0.9534,t
-0.0469,-0.2501,0.9378,t
-0.0469,-0.2501,0.9378,t
-0.0625,-0.2501,0.9222,t
-0.0469,-0.2501,0.9378,t
-0.0469,-0.2345,0.9378,t
-0.0469,-0.2345,0.9691,t
-0.0313,-0.2345,0.9378,t
-0.0469,-0.2032,0.9222,t
-0.0469,-0.2032,0.9534,t
-0.0313,-0.2345,0.9534,t
-0.0313,-0.2345,0.9378,t
-0.0313,-0.2188,0.9378,t
-0.0469,-0.2345,0.9378,t
-0.0313,-0.2188,0.9378,t
-0.0156,-0.2345,0.9534,t
-0.0313,-0.2188,0.9378,t
-0.0156,-0.2188,0.9534,t
0,-0.2345,0.9534,t
-0.0156,-0.2345,0.9378,t
-0.0313,-0.2188,0.9378,t
-0.0463,-0.2038,0.9378,t
-0.0181,-0.2176,0.9378,t
-0.0156,-0.2326,0.9378,t
-0.0288,-0.2345,0.9509,t
-0.0313,-0.2345,0.9534,t
-0.0313,-0.2226,0.9534,t
-0.0313,-0.2301,0.9422,t
-0.0206,-0.2132,0.9484,t
-0.0456,-0.2132,0.9534,t
-0.0438,-0.2376,0.9534,t
-0.04,-0.2501,0.9534,t
-0.0469,-0.2338,0.9453,t
-0.0469,-0.2263,0.9453,t
-0.04,-0.2276,0.9466,t
-0.0375,-0.2376,0.9378,t
-0.0469,-0.2601,0.9322,t
-0.0469,-0.2401,0.9322,t
-0.0425,-0.2276,0.9447,t
-0.035,-0.2538,0.9259,t
-0.0438,-0.2657,0.9409,t
-0.0338,-0.2632,0.9534,t
-0.0488,-0.2501,0.9516,t
-0.0625,-0.2488,0.9378,t
-0.0625,-0.2345,0.9378,t
-0.0469,-0.2501,0.9222,t
-0.0625,-0.2501,0.9378,t
-0.0782,-0.2501,0.9222,t
-0.0782,-0.2501,0.9378,t
-0.0625,-0.2501,0.9534,t
-0.0469,-0.2501,0.9378,t
-0.0625,-0.2501,0.9222,t
-0.0782,-0.2501,0.9222,t
-0.0782,-0.2345,0.9222,t
-0.0625,-0.2501,0.9222,t
-0.0782,-0.2501,0.9222,t
0.0938,-0.4533,1.0003,t
0.0625,0.3908,1.3286,t
0.1563,1.0472,1.2035,t
0.8597,-0.0313,1.0785,t
-0.1719,-1.016,0.1407,t
-0.0625,-0.844,-0.3439,t
-0.5002,-0.9378,0.6096,t
0.4064,-0.0313,1.1097,t
-0.1563,-0.125,0.6408,t
0.0938,-0.2188,0.9847,t
0,-0.3908,0.9847,t
-0.0782,-0.3126,0.8909,t
0.0156,-0.1407,0.9378,t
0,-0.2188,0.9065,t
0.0156,-0.1876,0.9691,t
0.0006,-0.2326,0.9541,t
0.0144,-0.1626,0.9678,t
0.0294,-0.0875,0.9828,t
0.005,-0.1175,0.9453,t
0.0375,-0.0125,0.9503,t
0.035,-0.02,0.9297,t
0.0088,-0.0313,0.9447,t
0.0213,-0.0419,0.9215,t
0.0113,0.0031,0.9365,t
0,0.0031,0.9628,t
0.0088,-0.0156,0.9691,t
0.0156,-0.0075,0.9691,t
0.0081,-0.0225,0.9616,t
-0.0138,-0.0331,0.9603,t
-0.0313,-0.0469,0.9816,t
-0.0256,-0.0882,0.9891,t
-0.0156,-0.0631,0.9641,t
-0.02,-0.0356,0.9578,t
-0.0238,-0.0356,0.9653,t
-0.0094,-0.0125,0.9566,t
-0.0419,-0.055,0.9691,t
-0.0194,-0.0156,0.9653,t
-0.0469,-0.0181,0.9416,t
-0.0469,-0.0469,0.9847,t
-0.0156,-0.0469,0.9378,t
-0.0313,-0.0313,0.9691,t
-0.0469,-0.0156,0.9534,t
0,0,0.9691,t
-0.0313,-0.0313,1.0003,t
-0.0313,-0.0313,1.0003,t
-0.0313,0,0.9534,t
-0.0469,-0.0313,0.9691,t
-0.0313,-0.0313,0.9691,t
-0.0313,-0.0469,0.9847,t
-0.0156,-0.0469,0.9534,t
-0.0156,-0.0469,0.9691,t
-0.0313,-0.0782,0.9534,t
-0.0313,-0.0625,0.9691,t
-0.0469,-0.0782,0.9847,t
-0.0313,-0.0782,0.9691,t
-0.0156,-0.0625,0.9691,t
-0.0469,-0.0625,0.9847,t
-0.0313,-0.0625,0.9534,t
-0.0313,-0.0782,0.9847,t
-0.0469,-0.0782,1.0003,t
-0.0313,-0.0625,0.9691,t
-0.0313,-0.0938,0.9847,t
-0.0156,-0.0782,0.9534,t
-0.0156,-0.0938,0.9691,t
-0.0313,-0.0782,0.9691,t
-0.0163,-0.0932,0.9691,t
-0.03,-0.065,0.9547,t
-0.0313,-0.09,0.9672,t
-0.0181,-0.0938,0.9822,t
-0.1407,0.2657,0.9847,t
-0.0156,0.2657,0.9534,t
0,0.2188,0.9534,t
-0.0156,0.1094,0.9847,t
-0.0469,0.1407,0.9534,t
-0.0625,0.125,0.9691,t
-0.0313,0.1407,0.9378,t
-0.0625,0.1094,0.9691,t
-0.1094,0.0625,0.9691,t
-0.0782,0.0782,0.9847,t
-0.0469,0.125,0.9534,t
-0.0469,0.1094,0.9691,t
-0.1094,0.0469,1.0003,t
-0.0938,0,0.9534,t
0.0313,-0.0156,0.9691,t
-0.0782,0.0938,0.9691,t
-0.0625,0.2032,0.9691,t
-0.0625,0.1407,0.9534,t
-0.0313,0.0938,1.0003,t
-0.0313,0.0469,0.9534,t
-0.0938,0.0469,0.9534,t
-0.0625,0.0938,0.9847,t
-0.0313,0.1407,0.9691,t
-0.0313,0.1563,0.9534,t
0,0.125,0.9534,t
-0.015,0.14,0.9684,t
-0.0156,0.1263,0.9834,t
-0.0294,0.125,0.9709,t
-0.0181,0.125,0.9691,t
-0.0031,0.15,0.9816,t
-0.0356,0.1207,0.9609,t
-0.0244,0.1432,0.9759,t
-0.0263,0.1563,0.9847,t
-0.0313,0.1663,0.9647,t
-0.0219,0.1626,0.9441,t
-0.0244,0.1651,0.9466,t
-0.0313,0.1557,0.9534,t
-0.0163,0.1482,0.9534,t
0,0.1494,0.9466,t
0.0188,0.1407,0.9503,t
0.0469,0.1407,0.9691,t
0.0219,0.1207,0.9741,t
-0.0444,0.0957,0.9672,t
-0.0706,0.1257,0.9372,t
-0.0344,0.0875,0.9784,t
0.0081,0.1375,0.9484,t
-0.0238,0.2069,0.9222,t
0.0313,0.2307,0.9259,t
0.0313,0.1876,0.9691,t
0.0156,0.2501,0.9222,t
0.1407,0.0938,0.9847,t
0.0469,0.0625,0.9378,t
0.0156,0.1563,0.9378,t
0.0313,0.2032,0.9378,t
0.0313,0.2188,0.9534,t
0.0469,0.2032,0.9534,t
0.0782,0.1563,1.3129,t
0.5314,1.2191,0.8597,t
1.5474,2.1413,2.282,t
-0.7502,-0.0156,0.125,t
-0.3126,-0.4689,1.1254,t
-0.3439,-0.0625,0.5783,t
-0.4376,0.3595,0.2032,t
-0.1563,0.719,0.6565,t
-0.2188,-0.0313,1.5786,t
0.2813,0.5471,0.7659,t
-0.5002,0.8284,0.844,t
-0.2813,0.6252,0.7659,t
-0.1719,0.2501,0.7346,t
0.0625,0.3126,1.0628,t
-0.0469,0.1876,1.0003,t
0,0.2813,0.9065,t
0.0313,0.3282,0.9691,t
0.0313,0.297,0.9378,t
0.0156,0.3126,0.9534,t
0.0156,0.2976,0.9534,t
0.0013,0.2682,0.9391,t
0.055,0.3207,0.924,t
0.0231,0.302,0.9222,t
0.0156,0.2845,0.9347,t
0.0156,0.2813,0.9259,t
0.0156,0.2926,0.9334,t
0.0263,0.297,0.9272,t
0.0213,0.287,0.9322,t
0.0156,0.2907,0.9378,t
0.0156,0.297,0.9378,t
0.0156,0.2888,0.9297,t
0.0156,0.2888,0.9147,t
0.0156,0.297,0.9134,t
0.0156,0.2907,0.9159,t
0.0156,0.2813,0.9178,t
0.0156,0.2813,0.9378,t
0.0113,0.2857,0.9334,t
0.0038,0.2932,0.9184,t
0.0156,0.2845,0.9128,t
0.0156,0.2945,0.9378,t
0.0156,0.2832,0.9359,t
0.0156,0.2957,0.9209,t
0.0156,0.2813,0.9065,t
0,0.297,0.9378,t
0.0156,0.2813,0.9222,t
0,0.2813,0.9378,t
0.0156,0.2813,0.9222,t
0.0156,0.2813,0.9378,t
0,0.297,0.9065,t
0.0156,0.2813,0.9378,t
0,0.297,0.9534,t
0,0.2657,0.9378,t
0,0.297,0.9222,t
0,0.2813,0.9378,t
0.0156,0.297,0.9378,t
0.0156,0.2813,0.9378,t
0,0.297,0.9378,t
0,0.2813,0.9222,t
0.0156,0.2813,0.9534,t
0.0156,0.3126,0.9378,t
0.0156,0.297,0.9378,t
0.0156,0.3126,0.9534,t
0.0156,0.2813,0.9222,t
0,0.297,0.9222,t
0.0156,0.297,0.9222,t
-0.0156,0.2813,0.9222,t
-0.0156,0.3126,0.9222,t
0,0.2813,0.9378,t
0,0.2813,0.9378,t
-0.4802,0.2901,0.8396,t
-0.4633,0.3026,0.8546,t
-0.4433,0.3126,0.8597,t
-0.4376,0.3032,0.8597,t
-0.4464,0.297,0.8509,t
-0.4533,0.297,0.844,t
-0.4533,0.2895,0.8515,t
-0.4464,0.2813,0.8528,t
-0.4376,0.2876,0.8503,t
-0.432,0.3026,0.854,t
-0.412,0.3076,0.854,t
-0.3908,0.3013,0.8797,t
-0.3945,0.3164,0.8834,t
-0.4095,0.3157,0.8597,t
-0.422,0.2682,0.8597,t
-0.4164,0.2907,0.8597,t
-0.3739,0.3595,0.8584,t
-0.3595,0.3595,0.844,t
-0.3439,0.3439,0.8597,t
-0.3751,0.3282,0.8753,t
-0.3751,0.3439,0.8753,t
-0.3595,0.3282,0.8597,t
-0.3595,0.3282,0.8753,t
-0.3595,0.3439,0.9222,t
-0.3595,0.3282,0.844,t
-0.3282,0.3751,0.8753,t
-0.3595,0.3439,0.8597,t
-0.3595,0.3282,0.8909,t
-0.3439,0.3595,0.8597,t
-0.3751,0.3595,0.8597,t
-0.3908,0.3282,0.844,t
-0.3908,0.3595,0.844,t
-0.3751,0.3595,0.8753,t
-0.3751,0.3751,0.844,t
-0.4064,0.3439,0.8597,t
-0.4064,0.3751,0.844,t
-0.3908,0.3751,0.8909,t
-0.3908,0.3751,0.8597,t
-0.4064,0.3439,0.8753,t
-0.4064,0.3595,0.8597,t
-0.3908,0.3751,0.8597,t
-0.4064,0.3439,0.844,t
-0.3908,0.3282,0.8597,t
-0.3908,0.3439,0.8597,t
-0.3757,0.3589,0.8597,t
-0.3895,0.3451,0.8453,t
-0.377,0.3576,0.8578,t
-0.4014,0.3595,0.8597,t
-0.3814,0.347,0.8471,t
-0.387,0.3557,0.844,t
-0.3795,0.3595,0.8553,t
-0.3857,0.3595,0.849,t
-0.3807,0.3595,0.844,t
-0.4126,0.3501,0.844,t
-0.3939,0.3351,0.7915,t
-1.8225,-0.5577,0.9047,t
-0.5996,0.2601,0.237,t
1.3561,1.6605,-0.2144,t
0.1344,0.5314,0.8346,t
-0.1375,-0.2113,1.5324,t
-0.2126,-0.2363,0.9372,t
-0.2745,-0.8753,0.1644,t
0.0294,0.1113,1.016,t
0.6189,0.3751,1.3348,t
-1.1616,-0.3801,0.8922,t
-1.0453,-0.7665,3.7449,t
-0.055,-3.1473,-0.5477,t
-0.6877,-0.1563,0.7034,t
0.5314,-0.0625,0.9691,t
0.0469,0.4845,0.6877,t
-0.1407,0.3595,1.016,t
-0.1719,0.2032,0.9534,t
-0.0313,0.2032,0.9534,t
-0.0313,0.2188,1.0316,t
0.0313,0.297,0.9691,t
0.0469,0.2813,0.9222,t
-0.0156,0.2813,0.9534,t
-0.0469,0.3282,0.9378,t
-0.0782,0.3126,0.8909,t
-0.0469,0.3282,0.9534,t
-0.0782,0.3126,0.9222,t
-0.0625,0.3439,0.9065,t
-0.0625,0.3595,0.9222,t
-0.0625,0.3439,0.9222,t
-0.0782,0.3439,0.9378,t
-0.0469,0.3439,0.9222,t
-0.0469,0.3595,0.9222,t
-0.0469,0.3439,0.9065,t
-0.0625,0.3439,0.9222,t
-0.0625,0.3595,0.8909,t
-0.0469,0.3595,0.9065,t
-0.0469,0.3439,0.9065,t
-0.0469,0.3595,0.9065,t
-0.0469,0.3439,0.9065,t
-0.0619,0.3589,0.9215,t
-0.0625,0.3595,0.9078,t
-0.0488,0.3595,0.9065,t
-0.0731,0.3595,0.9197,t
-0.0656,0.3595,0.9097,t
-0.0625,0.3595,0.9065,t
-0.0625,0.3595,0.9178,t
-0.0625,0.3701,0.9115,t
-0.0625,0.3551,0.9065,t
-0.0625,0.3532,0.9253,t
-0.0625,0.3595,0.929,t
-0.0706,0.3514,0.9059,t
-0.0706,0.3514,0.8984,t
-0.0625,0.3595,0.9065,t
-0.0688,0.3595,0.9128,t
-0.0782,0.3539,0.9165,t
-0.0731,0.3489,0.9115,t
-0.0625,0.3551,0.9178,t
-0.0625,0.3476,0.9103,t
-0.0625,0.3564,0.919,t
-0.0625,0.3439,0.909,t
-0.0644,0.3476,0.9203,t
-0.0769,0.3726,0.9065,t
-0.0625,0.3439,0.9065,t
-0.0625,0.3439,0.9222,t
-0.0782,0.3595,0.9065,t
-0.0938,0.3595,0.9065,t
-0.0782,0.3595,0.9065,t
-0.0782,0.3595,0.9065,t
-0.0625,0.3439,0.9222,t
-0.0782,0.3595,0.9065,t
0.0782,-0.5158,0.8284,t
0.0782,-0.5158,0.8284,t
0.0782,-0.5002,0.8284,t
0.0938,-0.5002,0.8284,t
0.0938,-0.5002,0.8284,t
0.0938,-0.5002,0.8284,t
0.1094,-0.5002,0.8284,t
0.0938,-0.5008,0.8128,t
0.0938,-0.5158,0.8128,t
0.0919,-0.5139,0.8128,t
0.0807,-0.5002,0.8128,t
0.0938,-0.5002,0.8159,t
0.09,-0.5002,0.8284,t
0.0782,-0.5002,0.8284,t
0.0782,-0.5002,0.8284,t
0.0782,-0.5058,0.8284,t
0.0782,-0.5095,0.8221,t
0.0782,-0.507,0.8128,t
0.0782,-0.5083,0.8128,t
0.0782,-0.5083,0.8128,t
0.0782,-0.5158,0.8215,t
0.0782,-0.5064,0.8284,t
0.0681,-0.5102,0.8184,t
0.0731,-0.5158,0.8128,t
0.0782,-0.5158,0.824,t
0.0782,-0.5039,0.8284,t
0.0656,-0.5127,0.8159,t
0.0756,-0.5158,0.8259,t
0.0782,-0.5158,0.8284,t
0.0925,-0.5302,0.8284,t
0.0938,-0.5314,0.8128,t
0.0938,-0.5314,0.7971,t
0.0938,-0.5314,0.8128,t
0.0938,-0.5158,0.8128,t
0.0938,-0.5314,0.8128,t
0.1094,-0.5314,0.7971,t
0.1094,-0.5314,0.7971,t
0.0938,-0.5314,0.7971,t
0.0938,-0.5314,0.7971,t
0.1094,-0.5314,0.7971,t
0.1094,-0.5314,0.7971,t
0.1094,-0.5314,0.7971,t
0.1094,-0.5314,0.7971,t
0.1094,-0.5471,0.7971,t
0.1094,-0.5314,0.7971,t
0.125,-0.5314,0.7971,t
0.125,-0.5471,0.7971,t
0.125,-0.5471,0.7971,t
0.125,-0.5471,0.7971,t
0.1094,-0.5471,0.7815,t
0.1094,-0.5471,0.7971,t
0.1094,-0.5471,0.7815,t
0.125,-0.5471,0.7815,t
0.125,-0.5627,0.7971,t
0.125,-0.5627,0.7971,t
0.0156,-0.5471,0.7971,t
0.0313,-0.6877,0.8128,t
0.3195,-0.699,1.0285,t
0.0656,-0.5802,0.5483,t
-0.3851,-0.4426,0.2219,t
0.13,-0.6315,0.4295,t
0.7596,-0.9253,0.8315,t
0.5133,-1.2266,0.9391,t
0.367,-0.9097,0.7871,t
0.2857,-0.8171,0.6308,t
0.2888,-0.7978,0.6377,t
0.2251,-0.669,0.7002,t
0.2345,-0.634,0.719,t
0.2345,-0.6102,0.719,t
0.2507,-0.5939,0.7352,t
0.257,-0.5852,0.759,t
0.2407,-0.5689,0.7659,t
0.2244,-0.5527,0.7659,t
0.2188,-0.5364,0.7871,t
0.2076,-0.5202,0.8084,t
0.1913,-0.5039,0.8009,t
0.2126,-0.4501,0.8847,t
0.1926,-0.4376,0.8803,t
0.1738,-0.4514,0.8615,t
0.1576,-0.4389,0.8597,t
0.1407,-0.4376,0.8597,t
0.125,-0.4376,0.8753,t
0.125,-0.422,0.8753,t
0.125,-0.3908,0.8753,t
0.1094,-0.4064,0.8753,t
0.0938,-0.3908,0.8753,t
0.0782,-0.3908,0.8753,t
0.0469,-0.3595,0.8909,t
0.0625,-0.3439,0.8909,t
0.0625,-0.3282,0.9065,t
0.0469,-0.3126,0.8909,t
0.0469,-0.3126,0.9065,t
0.0469,-0.3126,0.8909,t
0.0313,-0.3126,0.9065,t
0.0313,-0.297,0.9065,t
0.0156,-0.2813,0.9065,t
0.0156,-0.2813,0.9065,t
0.0156,-0.2657,0.9065,t
0,-0.2657,0.9065,t
0.0156,-0.2501,0.9222,t
0,-0.2501,0.9222,t
0,-0.2345,0.9065,t
-0.0156,-0.2345,0.9222,t
-0.0156,-0.2345,0.9378,t
-0.0156,-0.2345,0.9378,t
0,-0.2501,0.9222,t
-0.0156,-0.2501,0.9222,t
-0.0156,-0.2657,0.9222,t
-0.0156,-0.2657,0.9222,t
-0.0313,-0.2501,0.9378,t
-0.0313,-0.2657,0.9378,t
0.0156,-0.3282,0.8909,t
-0.0782,-0.2188,0.9534,t
-0.0313,-0.2657,0.9065,t
-0.0156,-0.2657,0.9222,t
-0.0469,-0.2657,0.9065,t
-0.0156,-0.3126,0.9065,t
-0.0313,-0.297,0.9222,t
-0.0313,-0.297,0.9378,t
-0.0156,-0.297,0.9222,t
-0.0313,-0.3126,0.9222,t
-0.0313,-0.3282,0.9222,t
-0.0156,-0.3439,0.9065,t
0,-0.3751,0.9065,t
0,-0.3908,0.8909,t
-0.125,0.2345,0.9222,s
-0.1163,0.2345,0.9222,s
-0.1188,0.2345,0.9222,s
-0.125,0.2445,0.9222,s
-0.1357,0.2395,0.9222,s
-0.1294,0.2345,0.9222,s
-0.125,0.2345,0.934,s
-0.1375,0.2345,0.9253,s
-0.1407,0.2345,0.9222,s
-0.1407,0.2345,0.9359,s
-0.1407,0.2201,0.9234,s
-0.125,0.2188,0.9222,s
-0.1407,0.2345,0.9222,s
-0.1407,0.2345,0.9065,s
-0.125,0.2345,0.9065,s
-0.125,0.2345,0.8909,s
-0.125,0.2345,0.9065,s
-0.125,0.2345,0.9065,s
-0.125,0.2345,0.9065,s
-0.125,0.2345,0.9065,s
-0.125,0.2345,0.8909,s
-0.125,0.2345,0.8909,s
-0.125,0.2345,0.9065,s
-0.125,0.2345,0.8909,s
-0.125,0.2345,0.8909,s
-0.1094,0.2501,0.8909,s
-0.125,0.2501,0.8909,s
-0.125,0.2345,0.9065,s
-0.1094,0.2345,0.8909,s
-0.1094,0.2345,0.8909,s
-0.1094,0.2345,0.8909,s
-0.1094,0.2345,0.8909,s
-0.125,0.2345,0.8909,s
-0.125,0.2345,0.9065,s
-0.125,0.2345,0.9065,s
-0.1407,0.2345,0.9065,s
-0.125,0.2188,0.9065,s
-0.125,0.2345,0.9065,s
-0.1244,0.2345,0.9222,s
-0.1107,0.2345,0.9222,s
-0.1232,0.2345,0.9222,s
-0.1119,0.2319,0.9222,s
-0.125,0.2219,0.9222,s
-0.125,0.2345,0.9222,s
-0.125,0.2301,0.9222,s
-0.125,0.2238,0.9222,s
-0.1307,0.2345,0.9222,s
-0.1344,0.2282,0.9222,s
-0.125,0.2257,0.9153,s
-0.125,0.2345,0.9065,s
-0.125,0.2345,0.9147,s
-0.1163,0.2345,0.9134,s
-0.1188,0.2345,0.9065,s
-0.125,0.2244,0.9065,s
-0.125,0.2188,0.9065,s
-0.125,0.2076,0.9065,s
-0.1369,0.2151,0.9065,s
-0.1407,0.2188,0.919,s
-0.1275,0.2319,0.9222,s
-0.125,0.2345,0.9084,s
-0.125,0.2201,0.9209,s
-0.125,0.2188,0.9065,s
-0.1407,0.2345,0.9222,s
-0.1407,0.2345,0.9222,s
-0.1407,0.2345,0.9222,s
-0.125,0.2345,0.9222,s
-0.125,0.2188,0.9065,s
-0.125,0.2345,0.9222,s
-0.1407,0.2188,0.9222,s
-0.125,0.2345,0.9222,s
-0.125,0.2345,0.9222,s
-0.125,0.2345,0.9222,s
-0.125,0.2345,0.9065,s
-0.125,0.2345,0.9222,s
-0.125,0.2345,0.9222,s
-0.125,0.2345,0.9222,s
-0.125,0.2345,0.9222,s
-0.1094,0.2345,0.9222,s
-0.125,0.2345,0.9065,s
-0.125,0.2345,0.9222,s
-0.125,0.2345,0.9222,s
-0.125,0.2345,0.9222,s
-0.125,0.2345,0.9065,s
-0.125,0.2345,0.9222,s
-0.125,0.2188,0.9222,s
-0.125,0.2188,0.9222,s
-0.125,0.2188,0.9222,s
-0.125,0.2188,0.9222,s
-0.125,0.2188,0.9222,s
-0.125,0.2188,0.9065,s
-0.125,0.2188,0.9065,s
-0.125,0.2345,0.9065,s
-0.1407,0.2188,0.9065,s
-0.125,0.2188,0.9222,s
-0.125,0.2345,0.9222,s
-0.125,0.2345,0.9378,s
-0.1407,0.2188,0.9222,s
-0.125,0.2345,0.9222,s
-0.1094,0.2345,0.9222,s
-0.125,0.2188,0.9222,s
-0.125,0.2188,0.9065,s
-0.125,0.2345,0.9222,s
-0.1407,0.2345,0.9222,s
-0.125,0.2188,0.9222,s
-0.125,0.2188,0.9222,s
-0.125,0.2188,0.9065,s
-0.125,0.2345,0.9222,s
-0.1407,0.2345,0.9222,s
-0.1407,0.2345,0.9222,s
-0.125,0.2188,0.9222,s
-0.125,0.2345,0.9222,s
-0.125,0.2345,0.9222,s
-0.125,0.2345,0.9222,s
-0.11,0.2194,0.8915,s
-0.1238,0.2345,0.9065,s
-0.1113,0.2345,0.9084,s
-0.125,0.2319,0.9222,s
-0.1282,0.2219,0.9222,s
-0.1369,0.2345,0.9184,s
-0.125,0.2345,0.9065,s
-0.125,0.2345,0.9065,s
-0.1194,0.2345,0.9122,s
-0.1157,0.2345,0.9222,s
-0.125,0.2345,0.9222,s
-0.125,0.2345,0.9222,s
-0.1407,0.2501,0.9065,s
-0.1407,0.2413,0.9065,s
-0.15,0.2345,0.9065,s
-0.1563,0.2445,0.9065,s
-0.1563,0.2501,0.9065,s
-0.1563,0.2501,0.9065,s
-0.1563,0.2501,0.9065,s
-0.1438,0.2501,0.9065,s
-0.1407,0.2501,0.9197,s
-0.1407,0.2501,0.9084,s
-0.1407,0.2501,0.9065,s
-0.1407,0.2345,0.9065,s
-0.1407,0.2501,0.9065,s
-0.1407,0.2501,0.8909,s
-0.1563,0.2345,0.9065,s
-0.1407,0.2345,0.9065,s
-0.1407,0.2345,0.8909,s
-0.1407,0.2501,0.8909,s
-0.1563,0.2501,0.8909,s
-0.1563,0.2501,0.8909,s
-0.1563,0.2501,0.8909,s
-0.1563,0.2501,0.8909,s
-0.1563,0.2501,0.8909,s
-0.1407,0.2501,0.8909,s
-0.1407,0.2501,0.8909,s
-0.1563,0.2501,0.8909,s
-0.1563,0.2501,0.8909,s
-0.1407,0.2501,0.8909,s
-0.1563,0.2501,0.8909,s
-0.1563,0.2501,0.8909,s
-0.1407,0.2501,0.8909,s
-0.1407,0.2501,0.8909,s
-0.1563,0.2345,0.8909,s
-0.1563,0.2345,0.9065,s
-0.1563,0.2501,0.9065,s
-0.1407,0.2345,0.8909,s
-0.1563,0.2345,0.9065,s
-0.1563,0.2501,0.9065,s
-0.1563,0.2345,0.9065,s
-0.1563,0.2357,0.9065,s
-0.1544,0.2482,0.9065,s
-0.1407,0.237,0.9065,s
-0.1407,0.2501,0.9065,s
-0.1444,0.2463,0.9028,s
-0.1519,0.2345,0.8953,s
-0.1407,0.2345,0.9065,s
-0.1407,0.2345,0.9065,s
-0.1407,0.2407,0.9065,s
-0.1475,0.2501,0.9065,s
-0.1563,0.2501,0.9065,s
-0.1563,0.2501,0.9065,s
-0.1563,0.2501,0.9065,s
-0.1563,0.2501,0.9065,s
-0.1563,0.2501,0.9065,s
-0.1563,0.2501,0.9065,s
-0.145,0.2501,0.9178,s
-0.1525,0.2501,0.9103,s
-0.1438,0.2501,0.9065,s
-0.1538,0.2501,0.9065,s
-0.1563,0.2363,0.9065,s
-0.1563,0.2488,0.8922,s
-0.1563,0.2345,0.9065,s
-0.1563,0.2345,0.9065,s
-0.1563,0.2345,0.9065,s
-0.1407,0.2501,0.9222,s
-0.1407,0.2345,0.9222,s
-0.1563,0.2345,0.9222,s
-0.1407,0.2345,0.9222,s
-0.1563,0.2345,0.9065,s
-0.1407,0.2345,0.9065,s
-0.1407,0.2345,0.9222,s
-0.1407,0.2345,0.9065,s
-0.1407,0.2501,0.9065,s
-0.1407,0.2345,0.8909,s
-0.1407,0.2501,0.9065,s
-0.1563,0.2501,0.9065,s
-0.1407,0.2657,0.9065,s
-0.1407,0.2501,0.9065,s
-0.1407,0.2501,0.9065,s
-0.1407,0.2501,0.8909,s
-0.1563,0.2501,0.9065,s
-0.1563,0.2345,0.9065,s
-0.1563,0.2345,0.8909,s
-0.1563,0.2345,0.9065,s
-0.1563,0.2501,0.9065,s
-0.1407,0.2345,0.9065,s
-0.1407,0.2345,0.9065,s
-0.1563,0.2345,0.9065,s
-0.1407,0.2345,0.9065,s
-0.1407,0.2345,0.9065,s
-0.1407,0.2345,0.9222,s
-0.1563,0.2345,0.9065,s
-0.1563,0.2501,0.9065,s
-0.1563,0.2501,0.9065,s
-0.1407,0.2501,0.9065,s
-0.1407,0.2501,0.9065,s
-0.1563,0.2501,0.9222,s
-0.1563,0.2501,0.9222,s
-0.1563,0.2657,0.9222,s
-0.1563,0.2657,0.9065,s
-0.1563,0.2501,0.9222,s
-0.1563,0.2501,0.9222,s
-0.1407,0.2501,0.9222,s
-0.1407,0.2501,0.9065,s
-0.1407,0.2501,0.9065,s
-0.1407,0.2501,0.9065,s
-0.1563,0.2345,0.9065,s
-0.1563,0.2345,0.9065,s
-0.1563,0.2501,0.8909,s
-0.1563,0.2501,0.9065,s
-0.1563,0.2345,0.9222,s
-0.1563,0.2345,0.9222,s
-0.1563,0.2345,0.9222,s
-0.1557,0.2345,0.9065,s
-0.1407,0.2357,0.9065,s
-0.1407,0.2501,0.9065,s
-0.1432,0.2476,0.909,s
-0.1563,0.2376,0.919,s
-0.1563,0.2501,0.9065,s
-0.1563,0.2501,0.9065,s
-0.1563,0.2501,0.9065,s
-0.1507,0.2501,0.9065,s
-0.1407,0.2438,0.9065,s
-0.1407,0.2345,0.8997,s
-0.1407,0.242,0.8909,s
-0.1876,-0.2813,0.9065,t
-0.1719,-0.2813,0.9065,t
-0.1876,-0.2813,0.9065,t
-0.1876,-0.297,0.9065,t
-0.1876,-0.297,0.9065,t
-0.1876,-0.3126,0.9065,t
-0.1876,-0.297,0.9065,t
-0.2032,-0.297,0.9065,t
-0.2032,-0.312,0.8915,t
-0.2032,-0.297,0.9053,t
-0.2032,-0.297,0.8909,t
-0.2032,-0.297,0.8909,t
-0.2032,-0.297,0.8909,t
-0.2032,-0.297,0.8909,t
-0.2032,-0.297,0.8909,t
-0.2032,-0.297,0.8859,t
-0.1976,-0.3026,0.8753,t
-0.1938,-0.3063,0.8815,t
-0.2032,-0.3038,0.884,t
-0.2032,-0.3051,0.8828,t
-0.1951,-0.3051,0.8909,t
-0.1963,-0.3038,0.8909,t
-0.2032,-0.297,0.8909,t
-0.2032,-0.307,0.8809,t
-0.2032,-0.3232,0.8753,t
-0.2144,-0.317,0.8753,t
-0.2069,-0.3126,0.8753,t
-0.2157,-0.3251,0.8628,t
-0.2057,-0.3545,0.8597,t
-0.1894,-0.332,0.8734,t
-0.1876,-0.2851,0.8753,t
-0.1719,-0.297,0.8753,t
-0.1563,-0.2813,0.8909,t
-0.1563,-0.297,0.9065,t
-0.1719,-0.3126,0.8909,t
-0.1563,-0.3126,0.9065,t
-0.1563,-0.2813,0.9222,t
-0.1563,-0.2657,0.9222,t
-0.1563,-0.2657,0.9222,t
-0.1407,-0.297,0.9222,t
-0.1407,-0.297,0.9222,t
-0.1407,-0.2813,0.9065,t
-0.1407,-0.2813,0.9065,t
-0.1407,-0.297,0.9065,t
-0.1407,-0.297,0.9065,t
-0.1563,-0.297,0.9065,t
-0.1407,-0.297,0.9222,t
-0.1407,-0.297,0.9222,t
-0.1407,-0.2813,0.9065,t
-0.1563,-0.2813,0.9378,t
-0.1719,-0.2188,0.9847,t
-0.125,-0.1719,1.0472,t
-0.1719,-0.297,0.9534,t
-0.2032,-0.3439,0.8128,t
-0.2657,-0.2813,0.8284,t
-0.1563,-0.2032,1.0472,t
-0.4376,-0.4064,0.7502,t
-0.5471,0.8753,2.0163,t
0.2813,0.4533,1.266,t
1.1723,-0.3282,-0.6408,t
1.2191,-0.5158,-0.6721,t
1.1254,-0.1719,1.016,t
0.2188,-0.297,1.3286,t
-0.1407,-0.2188,0.7034,t
0.2657,-0.8909,0.1563,t
0.1407,-0.8284,0.3751,t
0.0938,-0.2032,0.9065,t
0.1876,-0.0938,0.9222,t
0.1719,-0.2657,0.8597,t
0.1563,-0.4533,0.9847,t
0.0938,-0.3908,1.0941,t
0.0313,-0.4376,0.9847,t
0,-0.5158,0.8284,t
0.0156,-0.4845,0.8284,t
-0.1407,-0.5314,0.8284,t
-0.0938,-0.3751,0.8597,t
-0.0625,-0.3282,0.9065,t
-0.1094,-0.3126,0.8597,t
-0.125,-0.2501,0.8909,t
-0.1094,-0.2657,0.8909,t
-0.0625,-0.2501,0.9378,t
-0.0469,-0.2188,1.0472,t
-0.0625,-0.2032,1.0003,t
-0.0319,-0.2194,0.934,t
-0.0469,-0.237,0.849,t
-0.0394,-0.2657,0.914,t
0.0156,-0.2607,0.9741,t
0.0188,-0.2345,0.9909,t
0.0313,-0.2382,0.9422,t
0.0269,-0.2676,0.9022,t
0.0256,-0.3126,0.9009,t
0.0413,-0.3126,0.9222,t
0.0438,-0.2938,0.9222,t
0.0556,-0.2588,0.9222,t
0.0544,-0.2576,0.9222,t
0.0625,-0.2657,0.9222,t
0.0625,-0.2745,0.9222,t
0.0625,-0.2813,0.9222,t
0.0625,-0.2713,0.9322,t
0.0625,-0.2763,0.9378,t
0.0625,-0.2813,0.9265,t
0.0625,-0.2813,0.9103,t
0.0625,-0.2938,0.919,t
0.0625,-0.297,0.9222,t
0.0763,-0.2832,0.9222,t
0.0782,-0.2957,0.9222,t
0.0625,-0.2813,0.9222,t
0.0782,-0.297,0.9222,t
0.0782,-0.297,0.9222,t
0.0782,-0.297,0.9222,t
0.0625,-0.2813,0.9222,t
0.0625,-0.2813,0.9222,t
0.0782,-0.297,0.9222,t
0.0625,-0.297,0.9222,t
0.0625,-0.297,0.9065,t
0.0625,-0.3126,0.9222,t
0.0625,-0.297,0.9222,t
0.0469,-0.3126,0.9222,t
0.0625,-0.297,0.9222,t
0.0782,-0.297,0.9222,t
0.0625,-0.297,0.9222,t
0.0625,-0.297,0.9222,t
0.0625,-0.297,0.9222,t
0.0782,-0.297,0.9222,t
0.0625,-0.297,0.9222,t
0,-0.1563,0.9534,t
-0.0019,-0.1582,0.9534,t
-0.0131,-0.1694,0.9534,t
-0.0031,-0.1563,0.9534,t
-0.0119,-0.1601,0.9534,t
0,-0.1676,0.9534,t
-0.005,-0.1563,0.9484,t
-0.01,-0.1619,0.9434,t
0,-0.1657,0.9534,t
0,-0.1563,0.9534,t
-0.0075,-0.1563,0.9459,t
-0.0075,-0.1563,0.9378,t
0,-0.1563,0.9466,t
-0.0094,-0.1563,0.9534,t
-0.0056,-0.1663,0.9534,t
0,-0.1719,0.9534,t
0,-0.1719,0.9534,t
0,-0.1601,0.9416,t
0,-0.1563,0.9378,t
0,-0.1563,0.9378,t
-0.0138,-0.1563,0.9378,t
-0.0156,-0.1707,0.9378,t
-0.0156,-0.1563,0.9534,t
0,-0.1563,0.9534,t
0,-0.1563,0.9534,t
0,-0.1563,0.9534,t
0,-0.1563,0.9534,t
0,-0.1563,0.9378,t
0,-0.1563,0.9534,t
0,-0.1563,0.9378,t
0,-0.1563,0.9534,t
0,-0.1719,0.9378,t
0,-0.1563,0.9378,t
0,-0.1719,0.9534,t
-0.0156,-0.1719,0.9534,t
-0.0156,-0.1563,0.9534,t
0,-0.1563,0.9691,t
0,-0.1563,0.9534,t
0,-0.1563,0.9534,t
0,-0.1563,0.9534,t
0,-0.1563,0.9378,t
0,-0.1719,0.9691,t
0,-0.1563,0.9534,t
0,-0.1563,0.9534,t
0,-0.1563,0.9534,t
0,-0.1563,0.9534,t
0,-0.1563,0.9534,t
0,-0.1719,0.9534,t
0,-0.1719,0.9534,t
0,-0.1563,0.9534,t
0,-0.1719,0.9534,t
0,-0.1563,0.9534,t
0,-0.1407,0.9534,t
0,-0.1563,0.9534,t
0,-0.1563,0.9534,t
0,-0.1563,0.9534,t
-0.0156,-0.1563,0.9534,t
0.1094,0.1407,1.4849,t
-0.7971,0.6565,0.8753,t
-0.1407,0.3908,0.0469,t
-0.0938,-0.1876,0.4845,t
0,0.5627,-0.0156,t
-0.2345,0.125,0.719,t
-0.125,-0.0625,0.6408,t
-0.0469,-0.1563,1.0316,t
-0.1407,-0.1876,0.9378,t
-0.1407,-0.1719,1.0003,t
-0.125,-0.1407,0.8284,t
-0.0313,-0.1407,0.9534,t
-0.0782,-0.2032,0.9691,t
-0.0313,-0.0938,0.9222,t
0.0156,-0.1563,1.016,t
0.0313,-0.125,0.9534,t
0.0313,-0.1094,0.9847,t
0.0306,-0.08,0.9228,t
0.0144,-0.1238,0.9378,t
0,-0.1075,0.9397,t
0.0025,-0.0938,0.9534,t
0.0125,-0.0938,0.9534,t
0,-0.0975,0.9497,t
0,-0.1094,0.9422,t
-0.005,-0.1044,0.9534,t
-0.01,-0.0994,0.9591,t
0,-0.1094,0.9628,t
0,-0.1025,0.9534,t
-0.0075,-0.0938,0.9609,t
-0.0156,-0.0938,0.9691,t
-0.0156,-0.0938,0.9691,t
-0.0156,-0.0938,0.9691,t
-0.0156,-0.0938,0.9591,t
-0.0156,-0.0938,0.9534,t
-0.0156,-0.0938,0.9534,t
-0.0156,-0.0938,0.9534,t
-0.0156,-0.0938,0.9534,t
-0.0156,-0.0938,0.9534,t
-0.0156,-0.0938,0.9672,t
-0.0013,-0.0794,0.9691,t
0,-0.0938,0.9691,t
-0.0156,-0.0938,0.9534,t
-0.0156,-0.1094,0.9378,t
0,-0.0938,0.9534,t
-0.0156,-0.1094,0.9534,t
-0.0156,-0.1094,0.9534,t
-0.0156,-0.1094,0.9534,t
-0.0156,-0.1094,0.9378,t
-0.0156,-0.1094,0.9534,t
-0.0156,-0.0938,0.9378,t
-0.0156,-0.1094,0.9378,t
-0.0156,-0.0938,0.9534,t
0,-0.0938,0.9534,t
-0.0156,-0.0938,0.9534,t
0,-0.0938,0.9534,t
-0.0156,-0.1094,0.9378,t
-0.0156,-0.0938,0.9378,t
-0.0156,-0.0938,0.9534,t
-0.0156,-0.0938,0.9534,t
-0.0156,-0.1094,0.9378,t
0,-0.1094,0.9378,t
-0.0156,-0.0938,0.9378,t
0,-0.0938,0.9534,t
0,-0.0938,0.9534,t
-0.0156,-0.0938,0.9378,t
0,-0.0938,0.9534,t
-0.0156,-0.0938,0.9691,t
-0.0156,-0.0932,0.9684,t
0.0469,-0.5314,0.8128,t
0.0469,-0.5158,0.8284,t
0.0625,-0.5314,0.8128,t
0.0469,-0.5158,0.8284,t
0.0625,-0.5314,0.8284,t
0.0469,-0.5158,0.8284,t
0.0469,-0.5158,0.8284,t
0.0469,-0.5158,0.8284,t
0.0469,-0.5158,0.8128,t
0.0469,-0.5314,0.8128,t
0.0469,-0.5314,0.8128,t
0.0469,-0.5314,0.8128,t
0.0469,-0.5314,0.8128,t
0.0469,-0.5314,0.8128,t
0.0469,-0.5314,0.7971,t
0.0469,-0.5314,0.8128,t
0.0469,-0.5314,0.8128,t
0.0469,-0.5314,0.8128,t
0.0469,-0.5314,0.8128,t
0.0469,-0.5158,0.8128,t
0.0469,-0.5158,0.7971,t
0.0469,-0.517,0.7984,t
0.0469,-0.5314,0.8128,t
0.0469,-0.5314,0.8128,t
0.05,-0.5314,0.8159,t
0.0588,-0.5314,0.8246,t
0.0513,-0.5314,0.8128,t
0.0575,-0.5264,0.8078,t
0.0525,-0.5158,0.7971,t
0.0563,-0.5158,0.7971,t
0.0469,-0.5158,0.804,t
0.0469,-0.5233,0.8128,t
0.0469,-0.5314,0.8128,t
0.0469,-0.5314,0.8128,t
0.0469,-0.5314,0.8128,t
0.0469,-0.5314,0.8128,t
0.0363,-0.5314,0.8128,t
0.0425,-0.5314,0.8128,t
0.035,-0.5433,0.8009,t
0.0313,-0.5345,0.7971,t
0.0444,-0.5314,0.7971,t
0.0469,-0.5314,0.7971,t
0.0469,-0.5314,0.8115,t
0.0469,-0.5314,0.8128,t
0.0625,-0.5314,0.8128,t
0.0469,-0.5314,0.8128,t
0.0469,-0.5314,0.8128,t
0.0469,-0.5314,0.7971,t
0.0625,-0.5158,0.8128,t
0.0625,-0.5314,0.8128,t
0.0469,-0.5314,0.8128,t
0.0625,-0.5471,0.8128,t
0.0469,-0.5471,0.8128,t
0.0469,-0.5314,0.8128,t
0.0313,-0.5471,0.7971,t
0.0469,-0.5314,0.8128,t
0,-0.5314,0.7971,t
-1.4067,0.0782,0.9847,t
-0.3126,-0.1876,1.8756,t
0.5783,0.2813,2.0475,t
0.422,0.5314,0.7659,t
0.2501,0.2345,1.1254,t
0.1094,-0.0938,1.1097,t
0.1407,-0.2188,1.0941,t
0.0469,0,1.016,t
0,0.0625,0.9847,t
0.0469,0.0625,0.9534,t
-0.0469,0.0469,0.9691,t
-0.0469,0.0469,0.9378,t
-0.0469,0.0938,0.8909,t
-0.03,0.1107,0.9078,t
0.0013,0.1382,0.9365,t
0.0156,0.1094,0.9222,t
0.0156,0.1119,0.9247,t
0.0156,0.1219,0.9378,t
0.0156,0.1057,0.9416,t
0.0156,0.0982,0.9491,t
0.0156,0.1094,0.9378,t
0.0156,0.1094,0.9322,t
0.0156,0.1094,0.9222,t
0.0156,0.1094,0.929,t
0.0156,0.1094,0.9453,t
0.0156,0.1094,0.9453,t
0.0156,0.1094,0.9378,t
0.025,0.1094,0.9378,t
0.0313,0.1094,0.9378,t
0.0206,0.1094,0.9378,t
0.0156,0.1094,0.9378,t
0.0275,0.1094,0.9378,t
0.0313,0.1219,0.9253,t
0.0181,0.125,0.9222,t
0.0294,0.1113,0.9359,t
0.0169,0.1094,0.9378,t
0.0156,0.1094,0.9222,t
0.0156,0.1094,0.9378,t
0.0156,0.1094,0.9378,t
0.0156,0.0938,0.9378,t
0.0156,0.0938,0.9534,t
0.0156,0.1094,0.9534,t
0.0156,0.0938,0.9534,t
0.0156,0.0938,0.9534,t
0.0313,0.0938,0.9534,t
0.0313,0.0938,0.9534,t
0.0156,0.0938,0.9534,t
0.0313,0.0938,0.9534,t
0.0313,0.0938,0.9534,t
0.0313,0.0938,0.9534,t
0.0313,0.0938,0.9534,t
0.0313,0.0938,0.9534,t
0.0156,0.0938,0.9378,t
0.0156,0.0938,0.9534,t
0.0313,0.0938,0.9534,t
0.0156,0.0938,0.9534,t
0.0156,0.0938,0.9534,t
0.0156,0.0938,0.9534,t
0.0313,0.0938,0.9534,t
0.0156,0.0938,0.9534,t
0.0156,0.0938,0.9534,t
0.0156,0.0938,0.9378,t
0.0156,0.0938,0.9534,t
0.0156,0.0938,0.9378,t
0.0156,0.0938,0.9378,t
0.0156,0.0938,0.9378,t
0.0156,0.0938,0.9378,t
0.0156,0.0938,0.9378,t
0,-0.0363,0.9584,s
-0.015,-0.0469,0.9541,s
0,-0.0375,0.9597,s
0,-0.0431,0.9534,s
0.0138,-0.045,0.9534,s
0,-0.055,0.9534,s
0,-0.0469,0.9691,s
0,-0.0469,0.9566,s
0,-0.0469,0.9603,s
0,-0.0313,0.9691,s
0.0113,-0.0425,0.9578,s
0,-0.0469,0.9691,s
0,-0.0469,0.9691,s
0,-0.0469,0.9691,s
0,-0.0469,0.9691,s
0,-0.0469,0.9691,s
0,-0.0469,0.9691,s
0,-0.0313,0.9691,s
0,-0.0469,0.9691,s
0,-0.0313,0.9691,s
0,-0.0313,0.9691,s
0,-0.0313,0.9534,s
0,-0.0469,0.9534,s
0,-0.0469,0.9534,s
0,-0.0469,0.9534,s
0,-0.0313,0.9534,s
0,-0.0469,0.9534,s
0,-0.0313,0.9534,s
0,-0.0469,0.9534,s
0.0156,-0.0469,0.9534,s
0,-0.0469,0.9691,s
0,-0.0469,0.9534,s
0,-0.0469,0.9378,s
0,-0.0469,0.9534,s
-0.0156,-0.0469,0.9534,s
0,-0.0469,0.9534,s
0,-0.0469,0.9534,s
0,-0.0469,0.9691,s
0.0156,-0.0625,0.9691,s
0.0144,-0.0638,0.9678,s
0,-0.0782,0.9516,s
0,-0.0756,0.9378,s
0,-0.0625,0.9378,s
0,-0.0625,0.9416,s
0,-0.0625,0.9491,s
0,-0.0625,0.9378,s
0,-0.0625,0.9434,s
0,-0.0625,0.9472,s
0,-0.0694,0.9378,s
0.0075,-0.0782,0.9453,s
0.0075,-0.0782,0.9453,s
0,-0.0782,0.9466,s
0,-0.0782,0.9534,s
0.01,-0.0782,0.9434,s
0.0156,-0.0675,0.9378,s
0.0156,-0.0738,0.9491,s
0.0156,-0.0663,0.9534,s
0.0156,-0.075,0.9409,s
0.0156,-0.0782,0.9509,s
0.0156,-0.0782,0.9534,s
0.0013,-0.0782,0.9391,s
0,-0.0782,0.9378,s
0.0156,-0.0782,0.9378,s
0.0156,-0.0625,0.9534,s
0,-0.0469,0.9691,s
0,-0.0469,0.9534,s
0,-0.0469,0.9534,s
0.0156,-0.0469,0.9691,s
0,-0.0469,0.9691,s
0,-0.0469,0.9691,s
0,-0.0313,0.9691,s
0,-0.0313,0.9534,s
0,-0.0313,0.9534,s
0,-0.0313,0.9534,s
0,-0.0469,0.9534,s
0,-0.0469,0.9691,s
0,-0.0469,0.9691,s
0.0156,-0.0469,0.9691,s
0.0156,-0.0469,0.9691,s
0,-0.0469,0.9534,s
-0.0156,-0.0313,0.9534,s
0,-0.0469,0.9534,s
0,-0.0469,0.9378,s
0,-0.0469,0.9534,s
0,-0.0469,0.9534,s
-0.0156,-0.0469,0.9534,s
0,-0.0469,0.9691,s
0,-0.0469,0.9534,s
0,-0.0469,0.9684,s
0,-0.0469,0.9547,s
0,-0.0469,0.9691,s
-0.0025,-0.0469,0.9666,s
-0.0125,-0.0469,0.9534,s
-0.0038,-0.0469,0.9534,s
-0.0113,-0.0425,0.9534,s
0,-0.0313,0.9584,s
0,-0.0313,0.9634,s
0,-0.0375,0.9534,s
0,-0.04,0.9603,s
0,-0.0388,0.9691,s
0,-0.0469,0.9609,s
0,-0.0381,0.9534,s
0,-0.0313,0.9534,s
0,-0.0413,0.9534,s
0,-0.0363,0.9534,s
0,-0.0425,0.9534,s
0.0119,-0.0469,0.9534,s
0.0031,-0.0469,0.9534,s
0.0131,-0.0338,0.9534,s
0.0019,-0.045,0.9534,s
0,-0.0469,0.9534,s
0,-0.0469,0.9691,s
0.0156,-0.0469,0.9691,s
0,-0.0469,0.9691,s
0,-0.0313,0.9691,s
0,-0.0313,0.9534,s
0,-0.0469,0.9691,s
0,-0.0469,0.9534,s
0,-0.0469,0.9534,s
-0.0156,-0.0469,0.9534,s
0,-0.0469,0.9534,s
-0.0156,-0.0469,0.9534,s
0,-0.0313,0.9534,s
0,-0.0313,0.9691,s
0,-0.0313,0.9534,s
0,-0.0313,0.9691,s
0,-0.0313,0.9691,s
0,-0.0313,0.9534,s
0,-0.0469,0.9534,s
0,-0.0313,0.9534,s
0,-0.0313,0.9534,s
0,-0.0469,0.9534,s
0,-0.0469,0.9691,s
0.0156,-0.0469,0.9691,s
0.0156,-0.0469,0.9534,s
0.0156,-0.0469,0.9534,s
0,-0.0469,0.9534,s
0,-0.0469,0.9534,s
0,-0.0469,0.9691,s
0,-0.0469,0.9691,s
0,-0.0313,0.9691,s
0,-0.0469,0.9534,s
0,-0.0469,0.9534,s
0,-0.0469,0.9534,s
0,-0.0469,0.9691,s
0.0156,-0.0313,0.9691,s
0.0156,-0.0469,0.9534,s
0.0156,-0.0313,0.9534,s
0.0156,-0.0313,0.9534,s
0,-0.0469,0.9691,s
0.0156,-0.0313,0.9534,s
0,-0.0469,0.9534,s
0,-0.0313,0.9691,s
0,-0.0469,0.9534,s
0,-0.0469,0.9534,s
0,-0.0469,0.9534,s
0,-0.0469,0.9534,s
0,-0.0313,0.9534,s
0,-0.0313,0.9534,s
-0.0156,-0.0313,0.9534,s
0,-0.0313,0.9534,s
0.0006,-0.0325,0.9691,s
0.0144,-0.0625,0.9678,s
0.0019,-0.0625,0.9534,s
0.0156,-0.065,0.9534,s
0.0156,-0.0782,0.9534,s
0.0156,-0.0782,0.9534,s
0.0113,-0.0782,0.9534,s
0,-0.0731,0.9534,s
0,-0.0681,0.9478,s
0,-0.0782,0.9378,s
0,-0.0713,0.9378,s
0,-0.0625,0.9378,s
0,-0.0625,0.9378,s
0,-0.0625,0.9466,s
0,-0.0719,0.9534,s
0,-0.0782,0.9434,s
0,-0.0782,0.9378,s
0,-0.0782,0.9491,s
0,-0.0782,0.9534,s
0,-0.0782,0.9534,s
0,-0.0782,0.9534,s
0,-0.0782,0.9534,s
-0.0144,-0.0782,0.9391,s
-0.0156,-0.0782,0.9534,s
-0.0156,-0.0782,0.9378,s
0,-0.0625,0.9378,s
-0.0156,-0.0469,0.9378,s
-0.0156,-0.0469,0.9534,s
0,-0.0469,0.9534,s
-0.0156,-0.0469,0.9534,s
0,-0.0469,0.9534,s
0,-0.0313,0.9691,s
0,-0.0469,0.9534,s
0,-0.0469,0.9534,s
0,-0.0469,0.9534,s
0,-0.0313,0.9534,s
0,-0.0469,0.9691,s
0,-0.0313,0.9534,s
0.0156,-0.0313,0.9534,s
0,-0.0313,0.9534,s
0,-0.0313,0.9534,s
0,-0.0313,0.9691,s
0,-0.0313,0.9691,s
0,-0.0313,0.9534,s
0,-0.0469,0.9534,s
0,-0.0469,0.9691,s
0,-0.0469,0.9691,s
0.0156,-0.0469,0.9534,s
0,-0.0313,0.9534,s
0.0156,-0.0313,0.9534,s
0,-0.0463,0.9384,s
0,-0.0325,0.9534,s
-0.0019,-0.045,0.9534,s
-0.0131,-0.0338,0.9559,s
0,-0.0469,0.9659,s
0,-0.0469,0.9534,s
0,-0.0425,0.9534,s
0,-0.0313,0.9534,s
0,-0.0313,0.9534,s
0,-0.0375,0.9597,s
0,-0.0469,0.9691,s
0.0075,-0.0394,0.9691,s
0.0075,-0.0394,0.9609,s
0.0088,-0.0381,0.9534,s
0.0156,-0.0406,0.9628,s
0.0056,-0.0369,0.9691,s
0,-0.0313,0.9584,s
0,-0.0313,0.9534,s
0,-0.0431,0.9534,s
0,-0.0469,0.9659,s
0,-0.0338,0.9691,s
0,-0.045,0.9553,s
0,-0.0469,0.9678,s
0,-0.0469,0.9534,s
0,-0.0469,0.9691,s
0,-0.0313,0.9534,s
0,-0.0469,0.9534,s
0,-0.0313,0.9534,s
0,-0.0313,0.9691,s
0,-0.0469,0.9691,s
0,-0.0313,0.9691,s
0,-0.0313,0.9691,s
0,-0.0313,0.9691,s
0,-0.0313,0.9534,s
0,-0.0313,0.9534,s
0,-0.0469,0.9691,s
-0.0156,-0.0469,0.9691,s
-0.0156,-0.0469,0.9534,s
0,-0.0469,0.9691,s
-0.0156,-0.3439,0.9222,t
-0.0156,-0.3439,0.9222,t
-0.0156,-0.3282,0.9222,t
-0.0156,-0.3282,0.9222,t
-0.0156,-0.3439,0.9222,t
-0.0313,-0.3282,0.9222,t
-0.0313,-0.3282,0.9222,t
-0.0156,-0.3282,0.9222,t
-0.0156,-0.3282,0.9065,t
-0.0156,-0.3282,0.9065,t
-0.0156,-0.3282,0.9222,t
-0.0156,-0.3282,0.9222,t
-0.0156,-0.3282,0.9222,t
-0.0156,-0.3282,0.9222,t
-0.0156,-0.3282,0.9222,t
-0.0313,-0.3282,0.9228,t
-0.03,-0.3282,0.9365,t
-0.0156,-0.3282,0.9203,t
-0.0156,-0.3282,0.9065,t
-0.0156,-0.3282,0.9065,t
-0.0156,-0.3282,0.9103,t
-0.0156,-0.3282,0.9178,t
-0.0156,-0.3282,0.9065,t
-0.0156,-0.3282,0.9122,t
-0.0156,-0.3282,0.9222,t
-0.0156,-0.3282,0.9153,t
-0.0156,-0.3282,0.9065,t
-0.0156,-0.3282,0.9147,t
-0.0156,-0.3282,0.9222,t
-0.0156,-0.3189,0.9315,t
-0.0156,-0.3126,0.9378,t
-0.0156,-0.3126,0.9272,t
-0.0156,-0.3126,0.9222,t
-0.0156,-0.3126,0.9222,t
-0.0156,-0.3126,0.9347,t
-0.0025,-0.3126,0.9247,t
-0.0138,-0.3126,0.9222,t
-0.0156,-0.3126,0.9222,t
-0.0313,-0.3282,0.9222,t
-0.0156,-0.3282,0.9222,t
-0.0156,-0.3282,0.9222,t
-0.0156,-0.3126,0.9065,t
-0.0156,-0.3126,0.9065,t
-0.0156,-0.3126,0.9065,t
-0.0156,-0.3126,0.9065,t
-0.0156,-0.3126,0.9222,t
-0.0156,-0.3126,0.9065,t
-0.0156,-0.3126,0.9065,t
-0.0156,-0.3126,0.8909,t
-0.0156,-0.3126,0.9065,t
-0.0156,-0.3126,0.8909,t
-0.0156,-0.297,0.8909,t
-0.0156,-0.3126,0.9065,t
-0.0313,-0.3439,0.8909,t
-0.0625,-0.3908,0.9378,t
-0.0625,-0.422,0.9222,t
-0.0938,-0.4533,0.8909,t
-0.3439,-1.4067,0.6252,t
-0.3126,0.4376,-0.125,t
-0.1407,0.297,0.0625,t
-0.0782,0.1094,1.1254,t
0.2188,0,1.2973,t
0.0313,-0.0625,1.0316,t
0.0782,-0.0469,0.9847,t
0.1094,0,1.0003,t
0.0469,-0.0625,0.9847,t
0.0625,-0.1719,0.9065,t
0.0156,-0.1563,1.0003,t
0.0156,-0.1876,0.9222,t
-0.0156,-0.2501,0.8597,t
0,-0.3282,0.9065,t
-0.0156,-0.3126,0.9378,t
0,-0.2813,0.9691,t
-0.0625,-0.2345,0.9222,t
-0.0469,-0.1876,0.9378,t
-0.0313,-0.1876,0.9691,t
-0.0469,-0.1719,0.9534,t
-0.0469,-0.1876,0.9534,t
-0.0313,-0.1719,0.9534,t
-0.0469,-0.1719,0.9534,t
-0.0313,-0.1719,0.9534,t
-0.0313,-0.1563,0.9534,t
-0.0313,-0.1407,0.9534,t
-0.0313,-0.1407,0.9534,t
-0.0313,-0.1407,0.9534,t
-0.0313,-0.1407,0.9534,t
-0.0156,-0.1407,0.9534,t
-0.0156,-0.1407,0.9534,t
-0.0156,-0.1407,0.9534,t
-0.0156,-0.1407,0.9534,t
-0.0006,-0.125,0.9234,t
-0.0156,-0.1263,0.9534,t
-0.0156,-0.1407,0.9516,t
-0.0156,-0.1407,0.9403,t
-0.0156,-0.1407,0.9566,t
-0.0156,-0.1369,0.9691,t
-0.0156,-0.125,0.9691,t
-0.0156,-0.125,0.9641,t
-0.0156,-0.125,0.9534,t
-0.0156,-0.125,0.9534,t
-0.0225,-0.1319,0.9534,t
-0.0313,-0.1407,0.9534,t
-0.0231,-0.1407,0.9534,t
-0.0244,-0.1407,0.9534,t
-0.0219,-0.1313,0.9534,t
-0.0156,-0.135,0.9534,t
-0.0263,-0.13,0.9534,t
-0.02,-0.1363,0.9534,t
-0.0156,-0.1288,0.9534,t
-0.0156,-0.125,0.9534,t
-0.0288,-0.1382,0.9666,t
-0.0175,-0.1407,0.9691,t
-0.03,-0.1263,0.9547,t
-0.0313,-0.125,0.9534,t
-0.0313,-0.125,0.9691,t
-0.0156,-0.125,0.9534,t
-0.0156,-0.1407,0.9534,t
-0.0156,-0.1407,0.9534,t
0,-0.1407,0.9691,t
-0.0156,-0.1407,0.9534,t
-0.0156,-0.1407,0.9534,t
-0.0156,-0.125,0.9534,t
-0.0156,-0.125,0.9534,t
-0.0156,-0.125,0.9534,t
-0.0156,-0.125,0.9534,t
-0.0625,-0.1407,0.9534,s
-0.0469,-0.1407,0.9534,s
-0.0625,-0.125,0.9534,s
-0.0625,-0.1407,0.9534,s
-0.0625,-0.1407,0.9534,s
-0.0625,-0.1407,0.9534,s
-0.0625,-0.1407,0.9534,s
-0.0625,-0.1407,0.9534,s
-0.0469,-0.1407,0.9534,s
-0.0625,-0.125,0.9534,s
-0.0625,-0.1407,0.9534,s
-0.0625,-0.1407,0.9534,s
-0.0625,-0.1407,0.9534,s
-0.0469,-0.1407,0.9384,s
-0.0481,-0.1407,0.9534,s
-0.0625,-0.1407,0.9534,s
-0.0625,-0.1407,0.9559,s
-0.0625,-0.1407,0.9659,s
-0.0588,-0.1407,0.9572,s
-0.0469,-0.1407,0.9691,s
-0.0519,-0.1407,0.9641,s
-0.0569,-0.1407,0.9534,s
-0.0469,-0.1407,0.9534,s
-0.0469,-0.1407,0.9534,s
-0.0544,-0.1407,0.9609,s
-0.0625,-0.1488,0.9609,s
-0.0625,-0.1475,0.9534,s
-0.0625,-0.15,0.9534,s
-0.0525,-0.1563,0.9434,s
-0.0575,-0.1563,0.9484,s
-0.0625,-0.145,0.9422,s
-0.0506,-0.1407,0.9378,s
-0.0594,-0.1282,0.9503,s
-0.0625,-0.125,0.9534,s
-0.0488,-0.125,0.9534,s
-0.0469,-0.125,0.9534,s
-0.0469,-0.125,0.9534,s
-0.0469,-0.1407,0.9534,s
-0.0625,-0.125,0.9378,s
-0.0625,-0.1407,0.9378,s
-0.0625,-0.1407,0.9378,s
-0.0625,-0.1407,0.9378,s
-0.0625,-0.125,0.9378,s
-0.0469,-0.125,0.9534,s
-0.0625,-0.125,0.9378,s
-0.0625,-0.125,0.9534,s
-0.0625,-0.125,0.9534,s
-0.0625,-0.125,0.9378,s
-0.0625,-0.125,0.9378,s
-0.0625,-0.1407,0.9378,s
-0.0625,-0.1407,0.9378,s
-0.0625,-0.1407,0.9378,s
-0.0625,-0.1407,0.9378,s
-0.0625,-0.125,0.9378,s
-0.0469,-0.1407,0.9222,s
-0.0625,-0.1407,0.9222,s
-0.0625,-0.1407,0.9222,s
-0.0782,-0.1407,0.9222,s
-0.0625,-0.1407,0.9378,s
-0.0782,-0.1407,0.9378,s
-0.0625,-0.125,0.9378,s
-0.0625,-0.125,0.9378,s
-0.0625,-0.1407,0.9378,s
-0.0469,-0.1407,0.9528,s
-0.0481,-0.1407,0.9391,s
-0.0606,-0.1407,0.9553,s
-0.0469,-0.1407,0.9666,s
-0.05,-0.1407,0.9534,s
-0.0625,-0.1407,0.9534,s
-0.0625,-0.1407,0.9534,s
-0.0675,-0.1407,0.9534,s
-0.0725,-0.1407,0.9478,s
-0.0688,-0.1407,0.9441,s
-0.0713,-0.1475,0.9534,s
-0.0625,-0.1488,0.9534,s
-0.0625,-0.1407,0.9534,s
-0.0538,-0.1407,0.9534,s
-0.0469,-0.1407,0.9534,s
-0.0469,-0.1407,0.9534,s
-0.0469,-0.1407,0.9534,s
-0.0581,-0.1407,0.9534,s
-0.0506,-0.1407,0.9534,s
-0.0594,-0.1407,0.9534,s
-0.0625,-0.1275,0.9534,s
-0.0488,-0.1388,0.9534,s
-0.0469,-0.1263,0.9534,s
-0.0469,-0.125,0.9534,s
-0.0469,-0.125,0.9534,s
-0.0469,-0.125,0.9534,s
-0.0469,-0.125,0.9534,s
-0.0469,-0.125,0.9534,s
-0.0469,-0.125,0.9534,s
-0.0469,-0.125,0.9534,s
-0.0469,-0.125,0.9534,s
-0.0469,-0.125,0.9534,s
-0.0469,-0.125,0.9534,s
-0.0469,-0.125,0.9534,s
-0.0469,-0.1313,0.9534,s
-0.0469,-0.1407,0.9534,s
-0.0469,-0.1407,0.9534,s
-0.0625,-0.1407,0.9534,s
-0.0625,-0.1407,0.9534,s
-0.0625,-0.1407,0.9534,s
-0.0469,-0.1407,0.9497,s
-0.0606,-0.1407,0.9516,s
-0.0625,-0.1407,0.9453,s
-0.0625,-0.1275,0.9534,s
-0.0625,-0.1532,0.9534,s
-0.0625,-0.1407,0.9534,s
-0.0469,-0.1407,0.9534,s
-0.0581,-0.1407,0.9534,s
-0.0625,-0.1563,0.9534,s
-0.0625,-0.1407,0.9534,s
-0.0625,-0.1407,0.9534,s
-0.0625,-0.1563,0.9534,s
-0.0625,-0.1407,0.9378,s
-0.0625,-0.125,0.9534,s
-0.0625,-0.125,0.9534,s
-0.0625,-0.1407,0.9534,s
-0.0625,-0.1407,0.9534,s
-0.0625,-0.1407,0.9691,s
-0.0625,-0.125,0.9378,s
-0.0625,-0.1407,0.9534,s
-0.0625,-0.1407,0.9534,s
-0.0625,-0.1407,0.9534,s
0.1563,0.0938,0.9222,t
0.1563,0.0938,0.9065,t
0.1407,0.0938,0.9222,t
0.1407,0.0938,0.9222,t
0.1407,0.0938,0.9222,t
0.1407,0.0938,0.9378,t
0.1563,0.0938,0.9378,t
0.1563,0.0938,0.9222,t
0.1563,0.0938,0.9222,t
0.1407,0.0938,0.9222,t
0.1407,0.0938,0.9378,t
0.1407,0.0938,0.9378,t
0.1407,0.0938,0.9378,t
0.1407,0.0938,0.9378,t
0.1407,0.0938,0.9378,t
0.1407,0.0938,0.9378,t
0.1407,0.0938,0.9378,t
0.1407,0.0938,0.9534,t
0.1563,0.0938,0.9378,t
0.1563,0.0938,0.9378,t
0.1563,0.0938,0.9378,t
0.1563,0.0938,0.9378,t
0.1563,0.0938,0.9378,t
0.1407,0.0938,0.9378,t
0.1563,0.0938,0.9378,t
0.125,0.0938,0.9378,t
0.1407,0.0938,0.9378,t
0.1407,0.0938,0.9378,t
0.1407,0.0938,0.9378,t
0.1407,0.1094,0.9222,t
0.1407,0.0938,0.9378,t
0.1407,0.0938,0.9378,t
0.1407,0.0938,0.9378,t
0.1407,0.0938,0.9378,t
0.1407,0.0938,0.9378,t
0.1407,0.0938,0.9378,t
0.1407,0.0938,0.9378,t
0.1407,0.0938,0.9378,t
0.1407,0.0938,0.9378,t
0.1407,0.0938,0.9378,t
0.1407,0.0938,0.9222,t
0.1407,0.0938,0.9378,t
0.1407,0.0938,0.9222,t
0.1407,0.0938,0.9222,t
0.1563,0.0938,0.9378,t
0.1407,0.0938,0.9378,t
0.1563,0.0938,0.9378,t
0.1563,0.1094,0.9378,t
0.1563,0.1094,0.9222,t
0.1407,0.0938,0.9378,t
0.1407,0.0938,0.9378,t
0.1407,0.0938,0.9378,t
0.1407,0.0938,0.9378,t
0.1407,0.0938,0.9378,t
0.1425,0.0957,0.9378,t
0.1538,0.1119,0.9353,t
0.1157,0.3126,0.9128,t
-0.1232,1.1004,0.7627,t
-0.252,0.9916,0.4633,t
0.5571,-0.0438,0.4395,t
0.2126,-0.7865,0.4158,t
-0.3126,-0.0875,1.091,t
-0.2351,0.3289,1.0797,t
-0.3601,0.2651,0.8997,t
-0.1325,0.2082,0.8915,t
0.01,0.1057,0.924,t
-0.0031,0.0969,0.9566,t
0.0456,0.1294,0.9591,t
0.0838,0.1088,0.9641,t
0.0938,0.0938,0.9578,t
0.1057,0.0938,0.9534,t
0.1094,0.0813,0.9409,t
0.1094,0.0913,0.9378,t
0.1094,0.08,0.9378,t
0.1094,0.0782,0.9378,t
0.1094,0.0782,0.9378,t
0.1094,0.0782,0.9378,t
0.1094,0.0782,0.9378,t
0.0938,0.0782,0.9378,t
0.1094,0.0782,0.9378,t
0.0938,0.0782,0.9378,t
0.0938,0.0782,0.9378,t
0.0938,0.0938,0.9378,t
0.0938,0.0938,0.9378,t
0.0938,0.0938,0.9378,t
0.0938,0.0938,0.9378,t
0.0938,0.0938,0.9378,t
0.0938,0.0938,0.9534,t
0.0938,0.0938,0.9534,t
0.0938,0.0938,0.9378,t
0.0938,0.0782,0.9378,t
0.0938,0.0938,0.9534,t
0.0938,0.0938,0.9534,t
0.0938,0.0938,0.9378,t
0.0938,0.0782,0.9534,t
0.0938,0.0782,0.9378,t
0.1094,0.0938,0.9378,t
0.1094,0.0938,0.9534,t
0.1094,0.0938,0.9378,t
0.0938,0.0938,0.9378,t
0.1094,0.0782,0.9378,t
0.1094,0.0938,0.9378,t
0.0938,0.0944,0.9378,t
0.0938,0.1082,0.9378,t
0.0938,0.0938,0.9378,t
0.0938,0.0938,0.9378,t
0.0938,0.0907,0.9347,t
0.0975,0.0819,0.9222,t
0.1094,0.0938,0.9222,t
0.1044,0.0938,0.9272,t
0.0938,0.0938,0.9378,t
0.1,0.0938,0.9378,t
0.1094,0.1007,0.9378,t
0.1019,0.1094,0.9378,t
0.1019,0.1013,0.9378,t
0.1094,0.0938,0.929,t
0.1094,0.0938,0.9222,t
0.0994,0.0938,0.9222,t
0.1044,0.0938,0.9222,t
0.0982,0.105,0.9222,t
0.0938,0.1094,0.9222,t
0.0938,0.0969,0.9222,t
0.0938,0.1069,0.9353,t
0.0938,0.0957,0.9378,t
0.0938,0.0938,0.9234,t
0.0863,0.1863,0.9628,l
0.0938,0.1563,0.9628,l
0.1282,0.1288,0.9634,l
0.1532,0.0875,1.0097,l
0.1138,0.1063,0.9891,l
0.0938,0.1363,0.9791,l
0.0982,0.0894,0.9959,l
0.1019,0.0631,0.9922,l
0.0844,0.0125,1.016,l
0.1044,0.0075,1.0134,l
0.0763,0.0638,1.0097,l
0.0588,0.1826,1.071,l
0.0156,0.125,0.9847,l
0,0.0313,0.9847,l
-0.03,-0.1038,1.0447,l
-0.0313,-0.0375,0.9753,l
-0.0038,0.0788,0.9691,l
-0.0394,-0.2607,0.9953,l
-0.0344,-0.2907,1.0003,l
-0.0431,-0.3407,0.8934,l
-0.0131,-0.2695,0.9384,l
0,-0.3514,0.9159,l
0.01,-0.1663,0.9509,l
0.0531,-0.2188,1.0222,l
0.0957,-0.2651,1.0297,l
0.0525,-0.1951,0.9509,l
0.045,-0.3226,0.8834,l
0.0869,-0.2901,0.9509,l
0.0531,-0.1563,0.9784,l
0.0325,-0.2407,0.9541,l
0.0375,-0.1407,1.0541,l
-0.0419,-0.1407,0.9472,l
-0.1019,-0.1482,0.9097,l
-0.0719,-0.1688,0.9972,l
-0.0394,-0.1388,1.1022,l
-0.0113,-0.0825,1.0347,l
-0.0813,-0.3301,0.8421,l
0.0625,-0.1719,1.0003,l
0.0469,-0.2032,1.0003,l
0.1407,-0.1094,1.0316,l
0.0156,-0.1094,1.0472,l
-0.0313,0.0156,1.1254,l
-0.0938,0.1876,1.0941,l
-0.2813,-0.0156,0.8753,l
-0.2657,-0.0313,0.9378,l
-0.2501,0.297,0.8597,l
-0.2345,0.0625,0.9065,l
-0.2345,-0.0156,0.9534,l
-0.1563,0.1407,0.9065,l
0.0625,0.4064,0.8128,l
0.1094,0.3595,0.9534,l
0.0938,0.1407,1.0003,l
0.1719,0.0938,1.016,l
0.1407,0.1876,0.9534,l
0.1094,0.2188,0.7815,l
0.1876,0.3751,1.1254,l
0.0938,0.2813,1.0003,l
0.0625,0.2345,0.8284,l
0.0156,0.1719,1.0316,l
0.0938,0.125,1.141,l
0.0313,0.2032,0.9222,l
0.0156,0.297,1.016,l
-0.125,0.1563,0.9065,l
-0.0469,0.1876,0.9691,l
-0.0919,0.0975,1.0741,l
-0.1369,0.1801,0.9922,l
-0.1957,0.1188,0.8884,l
-0.0719,0.1751,1.0197,l
-0.1094,0.2376,0.9347,l
-0.0419,0.2026,0.8353,l
0.0181,0.2776,0.8578,l
0.095,0.3232,0.8965,l
0.2451,-0.0819,0.8665,l
0.2845,-0.247,0.5345,l
0.2395,0.1469,0.6346,l
0.3326,0.2838,0.9159,l
0.4301,0.3063,1.0134,l
0.4151,0.3451,0.9409,l
0.3626,0.1626,0.8784,l
0.3082,0.0631,1.0191,l
0.2632,-0.1069,0.9691,l
0.1075,-0.2082,1.0172,l
0.0588,-0.0807,1.1072,l
0.0219,0.075,1.0034,l
-0.0782,-0.04,1.0134,l
-0.0838,0.0763,0.9984,l
-0.1238,0.065,0.9872,l
-0.1094,0.0938,1.016,l
-0.0782,0.0625,1.0003,l
-0.1719,0.1094,0.9691,l
-0.1407,0.0625,1.016,l
-0.1563,0.1876,0.9378,l
-0.0938,0.0625,0.9378,l
0.0156,0.125,1.016,l
-0.0469,0.0469,0.9378,l
-0.0156,0.1094,0.9691,l
0.0469,0.125,0.9691,l
-0.0313,-0.6721,0.6096,l
0.0156,-0.0625,0.9847,l
0.0938,-0.1876,0.9222,l
0.0625,0.1094,0.8753,l
0.0469,-0.2813,0.9691,l
0.0625,-0.2657,0.9378,l
0.125,-0.1876,0.9847,l
0.0469,-0.1094,0.9691,l
0.0782,-0.2657,0.9534,l
0.0782,-0.1876,1.0472,l
0.0156,-0.1876,0.9378,l
0.0313,-0.2501,0.9378,l
0,-0.1563,1.0003,l
0.1094,0.0156,1.0628,l
0.0313,-0.0469,1.016,l
0.0313,-0.0156,0.9847,l
0.0313,0.1094,1.0003,l
-0.0138,0.1694,0.9703,l
-0.0013,0.1719,0.9691,l
-0.0688,0.1582,0.9966,l
-0.065,0.1826,0.9478,l
-0.0625,0.2251,0.9878,l
-0.0744,0.1751,0.9884,l
-0.0894,0.1338,0.9509,l
-0.1044,0.1676,0.9591,l
-0.0794,0.2176,0.929,l
-0.0907,0.1782,0.9628,l
-0.1182,0.1407,0.9828,l
-0.0631,0.2382,0.9466,l
-0.0469,0.2613,0.9153,l
-0.0531,0.125,0.9315,l
-0.0456,0.0613,0.9466,l
-0.0006,0.0363,0.9315,l
0.0138,0.0775,0.9978,l
-0.0163,0.1375,1.0128,l
0.025,0.05,0.9597,l
-0.0025,-0.07,0.9797,l
-0.0138,-0.085,0.9572,l
-0.0013,0.0988,0.9884,l
-0.0156,0.1563,1.0316,l
-0.0469,0.0625,1.0003,l
-0.0019,0.0475,0.9553,l
-0.0288,0.09,0.9822,l
-0.0175,0.0938,0.9572,l
-0.0025,0.1594,0.9928,l
0.025,0.1969,0.9378,l
0.055,0.1676,0.9103,l
0.1075,0.1901,0.8953,l
0.1463,0.267,0.9441,l
0.1863,0.247,0.9391,l
0.2032,0.1719,0.9409,l
0.2119,0.0619,0.9447,l
0.2269,0.0163,0.9297,l
0.257,0.0463,0.9147,l
0.2882,0.0625,0.9065,l
0.3032,0.0875,0.9315,l
0.2901,0.1194,0.9466,l
0.2651,0.0794,0.9065,l
0.3101,0.0419,0.924,l
0.3364,0.0832,0.9766,l
0.3095,0.0188,0.9784,l
0.2995,0.1038,0.9009,l
0.3051,0.1432,0.9459,l
0.2576,0.0456,0.8984,l
0.3439,0.0313,0.9847,l
0.297,0.0938,0.9065,l
0.2657,-0.0625,0.9222,l
0.3439,0.0469,0.9691,l
0.2345,0.0313,0.9065,l
0.3595,0.1563,0.9065,l
0.3126,-0.0313,0.9691,l
0.297,0.125,0.8597,l
0.297,0.0313,1.016,l
0.2813,-0.0938,1.0003,l
0.297,-0.0469,1.016,l
0.2345,-0.0469,1.0003,l
0.1876,0.0156,0.9847,l
0.2188,0,0.9691,l
0.2188,0,0.9378,l
0.1563,0.0938,0.9691,l
0.1563,0.0782,0.9534,l
0.1876,0.2188,1.0316,l
0.1719,0.1094,0.9222,l
0.125,0.125,0.9691,l
0.0782,0.2032,0.9222,l
0.0625,0.2345,0.9378,l
0.1094,0.2657,0.844,l
0.125,0.1094,0.9378,l
0.0938,0.1719,1.0003,l
0.0938,0.2345,0.9378,l
-0.0156,0.3282,0.9378,l
0.0144,0.2532,1.0428,l
-0.0131,0.2213,1.0041,l
-0.0156,0.2051,0.9728,l
-0.0419,0.2163,0.9691,l
-0.0469,0.2313,0.9441,l
-0.0231,0.2938,0.9616,l
-0.0719,0.2901,0.9353,l
-0.1257,0.2707,0.9859,l
-0.1507,0.2457,0.9859,l
-0.1563,0.2157,0.9503,l
-0.1563,0.2119,0.9466,l
-0.1482,0.1538,0.9778,l
-0.1407,0.0938,0.9853,l
-0.1407,0.08,0.9553,l
-0.1219,0.025,0.9566,l
-0.0882,-0.0369,0.9734,l
-0.0631,-0.0669,0.9534,l
-0.0181,-0.2319,0.9884,l
0.0156,-0.472,1.056,l
0.0156,-0.2376,0.9722,l
0.0056,-0.2401,0.9297,l
-0.0431,-0.1819,0.9709,l
-0.0131,-0.1457,0.9797,l
0.0156,-0.2032,0.9222,l
0.0782,-0.2188,0.9534,l
0.0782,-0.0688,0.9984,l
0.2363,-0.9684,1.4605,l
0.1951,-0.1532,1.1016,l
0.135,0.0344,0.9684,l
0.1375,0.0219,1.041,l
0.1407,-0.0319,0.9559,l
0.1519,-0.1369,0.9672,l
0.1244,-0.1294,1.0059,l
0.0894,-0.1294,1.0059,l
0.0782,-0.1313,0.9722,l
0.0606,-0.1338,0.9797,l
0.0388,-0.1488,0.9678,l
0.0388,-0.1413,0.9903,l
0.0331,-0.1182,1.0266,l
0.0156,-0.1532,0.9566,l
0.0438,-0.1457,0.9134,l
0.0988,-0.0006,0.9534,l
0.1138,0.0444,0.9578,l
0.125,0.0519,0.9803,l
0.1313,-0.0313,0.9972,l
0.1588,-0.0313,0.9347,l
0.1682,-0.0331,0.9909,l
0.1444,-0.0431,0.9234,l
0.1876,0,0.9378,l
0.2345,-0.0313,0.9847,l
0.1876,-0.1876,0.9534,l
0.1876,-0.0156,0.9065,l
0.1719,-0.2345,0.9065,l
0.1719,-0.2501,0.9534,l
0.1719,-0.2813,0.9691,l
0.1094,-0.1719,1.016,l
0.0938,-0.2188,0.9534,l
0.0782,-0.2032,0.9691,l
0.0469,-0.2188,0.9534,l
0.0625,-0.1876,0.9691,l
0.0469,-0.0938,1.016,l
0.0156,-0.2188,0.9222,l
-0.0782,-0.2032,0.9847,l
-0.0469,-0.1407,0.9378,l
-0.0782,-0.1563,0.9847,l
-0.0782,-0.125,0.9847,l
-0.0469,-0.0625,1.0003,l
-0.0938,-0.0313,0.9847,l
-0.0625,0.0313,0.9847,l
-0.0469,-0.0313,0.9847,l
-0.0625,0.0469,1.016,l
-0.0782,-0.0156,0.9534,l
-0.0938,0.0469,1.0316,l
-0.0938,0.0619,0.9866,l
-0.0938,0.0913,0.9559,l
-0.08,0.135,0.9947,l
-0.0782,0.1407,1.0134,l
-0.0782,0.0531,0.9784,l
-0.0782,0.0313,1.0047,l
-0.0782,0.0313,1.0047,l
-0.0569,0.0525,1.0109,l
-0.0469,0.0625,0.9859,l
-0.0563,0.0438,0.9972,l
-0.0625,0.005,0.9984,l
-0.0625,-0.0563,0.9847,l
-0.0775,-0.0713,0.9847,l
-0.08,-0.0194,0.9916,l
-0.0625,0.0219,1.0003,l
-0.0625,0.0144,1.0003,l
-0.0625,-0.0306,0.9853,l
-0.0669,-0.045,0.9622,l
-0.0706,-0.0075,0.9884,l
-0.05,-0.0406,0.9909,l
-0.0625,-0.0731,0.9584,l
-0.0588,-0.0431,0.9866,l
-0.0313,-0.0119,0.9991,l
-0.0313,0.0313,0.9847,l
-0.0313,0,0.9847,l
-0.0013,-0.03,0.9847,l
-0.0288,-0.0025,0.9991,l
-0.0038,0,1.0003,l
0.0131,0.0394,0.9609,l
0.0406,0.0344,1.016,l
0.0231,-0.0044,0.9722,l
0.0269,-0.0381,0.9759,l
0.0525,-0.015,1.0378,l
0.0525,0,0.9828,l
0.0656,0.0281,0.9753,l
0.0606,-0.1457,0.9391,l
0.0713,-0.1669,0.9234,l
0.0863,-0.0169,0.9759,l
0.0919,0.0156,0.9728,l
0.1157,-0.0094,0.9566,l
0.125,-0.0356,0.9791,l
0.13,-0.0206,0.9591,l
0.1363,-0.0225,0.9378,l
0.1363,-0.0038,0.9453,l
0.1688,-0.0188,0.9722,l
0.1588,-0.0388,0.9822,l
0.1757,-0.0782,0.9653,l
0.2032,-0.0656,0.9416,l
0.2032,0.0782,0.9847,l
0.2032,0.0938,0.9691,l
0.2188,0.0469,0.9847,l
0.2345,0.0782,0.9534,l
0.2501,0.0313,0.9691,l
0.2188,0.0938,0.9534,l
0.2345,0.1719,0.9534,l
0.2188,0.1719,0.9065,l
0.2032,0.1876,0.9691,l
0.2032,0.1407,0.9378,l
0.2032,0.1719,0.8909,l
0.1563,0.1876,0.9378,l
0.1563,0.1719,0.9065,l
0.1719,0.1563,0.9534,l
0.1563,0.1563,0.9847,l
0.1407,0.1407,0.9691,l
0.1407,0.1876,0.9691,l
0.0938,0.1719,0.9534,l
0.0938,0.125,0.9691,l
0.0938,0.125,0.9534,l
0.1094,0.1876,0.9691,l
0.0938,0.1876,0.9847,l
0.1094,0.1876,0.9847,l
0.1094,0.1719,1.0003,l
0.0782,0.1876,0.9378,l
0.0469,0.2032,0.9847,l
0.0469,0.1563,1.0316,l
0.0469,0.2013,1.0166,l
0.0181,0.1888,0.9728,l
0.0019,0.1463,0.9828,l
0,0.1407,0.9716,l
0,0.1657,0.9816,l
-0.0119,0.1601,0.9609,l
-0.0156,0.1563,0.9534,l
-0.0263,0.1457,0.9853,l
-0.0213,0.1407,0.9903,l
-0.0063,0.1407,0.9659,l
-0.0088,0.1144,0.9622,l
-0.0238,0.0938,0.9609,l
-0.0013,0.1088,0.9684,l
0.045,0.1182,0.9847,l
0.0563,0.1157,0.9847,l
0.0413,0.1082,0.9734,l
0.0313,0.0782,0.9584,l
0.0269,0.0694,0.9603,l
0.0194,0.0431,0.9528,l
0.0281,0.0281,0.9941,l
0.0181,0.0181,0.9716,l
0.035,0.0331,0.9847,l
0.0625,0.0394,0.9859,l
0.0625,-0.0469,1.0003,l
0.0782,-0.0625,1.016,l
0.0932,-0.0475,1.0009,l
0.0938,-0.09,0.9716,l
0.1075,-0.0663,0.9828,l
0.0832,-0.1019,0.9978,l
0.1157,-0.0719,0.9753,l
0.1132,-0.0744,0.9928,l
0.1094,-0.0669,0.9666,l
0.12,-0.0625,0.9747,l
0.145,-0.0625,0.9747,l
0.1563,-0.0438,0.9409,l
0.1651,-0.0488,0.9397,l
0.1638,-0.0463,0.9534,l
0.1863,-0.0313,0.9834,l
0.2188,-0.0244,0.9953,l
0.1607,-0.0088,0.9691,l
0.1644,-0.0275,0.9728,l
0.1375,-0.0125,0.9878,l
0.1225,-0.0025,0.9928,l
0.1132,-0.0194,0.9591,l
0.1369,-0.0469,0.9991,l
0.0938,-0.0469,0.9847,l
0.0938,-0.0313,1.016,l
0.0782,-0.0156,0.9847,l
0.0469,0.0156,0.9847,l
0.0469,0,1.0003,l
0.0313,-0.0313,1.0003,l
0.0469,-0.0625,1.016,l
0,-0.0313,0.9847,l
-0.0156,-0.0313,0.9847,l
-0.0156,0,0.9847,l
-0.0156,-0.0782,1.0003,l
-0.0313,-0.0938,0.9847,l
-0.0469,-0.0938,0.9847,l
-0.0469,-0.1094,1.0003,l
-0.0625,-0.0938,1.0003,l
-0.0469,-0.1719,0.9847,l
-0.0625,-0.0938,1.0316,l
-0.0313,-0.0938,1.0003,l
-0.0469,-0.1719,0.9534,l
-0.0469,-0.1876,0.9847,l
-0.0469,-0.0938,0.9691,l
-0.0313,-0.125,0.9847,l
-0.0625,-0.125,0.9691,l
-0.0469,-0.0625,1.0003,l
-0.0313,-0.0938,1.0003,l
-0.0625,-0.125,0.9847,l
-0.0469,-0.1407,0.9534,l
-0.0319,-0.0957,0.9834,l
-0.0025,-0.0794,0.9847,l
-0.0138,-0.1057,1.0397,l
-0.0288,-0.0438,0.9947,l
-0.0438,-0.0688,0.9847,l
-0.0113,-0.09,0.9847,l
0,-0.1275,0.9847,l
-0.0106,-0.0982,1.0059,l
-0.0056,-0.0782,1.026,l
0,-0.0688,1.0222,l
-0.0088,-0.0538,0.9984,l
-0.0481,-0.0306,0.9847,l
-0.0782,-0.0081,0.9697,l
-0.0506,0.0069,0.9741,l
-0.0156,0.0031,0.9816,l
-0.0213,-0.0213,0.9816,l
-0.0413,-0.0263,1.0266,l
-0.0625,0.0019,1.0203,l
-0.0738,0.0394,1.0241,l
-0.1125,0.0156,0.9972,l
-0.1275,0.0231,0.9897,l
-0.1425,0.0663,1.0141,l
-0.1601,0.0963,0.9991,l
-0.2032,0.125,0.9847,l
-0.2501,0.0938,0.9691,l
-0.1901,0.0788,0.9841,l
-0.2307,0.1213,0.9416,l
-0.2345,0.1938,0.9516,l
-0.2607,0.1901,1.0059,l
-0.2657,0.125,0.9659,l
-0.2538,0.0857,0.9653,l
-0.2613,0.1007,0.9353,l
-0.2657,0.1519,0.9009,l
-0.2357,0.2119,0.9009,l
-0.1907,0.2345,0.9159,l
-0.1457,0.2695,0.9134,l
-0.125,0.3214,0.6465,l
-0.095,0.3289,0.684,l
-0.0694,0.3057,0.9984,l
-0.0594,0.2845,0.9659,l
-0.02,0.2826,0.8909,l
0.015,0.3226,0.9009,l
0.0731,0.3482,0.9222,l
0.1482,0.352,0.9184,l
0.1813,0.3345,0.8972,l
0.2238,0.342,0.8622,l
0.252,0.252,0.8678,l
0.2682,0.2545,0.8128,l
0.297,0.125,0.8128,l
0.3282,0.1407,0.844,l
0.3751,0.0938,0.8753,l
0.3908,0.1719,0.9222,l
0.3908,0.1407,0.8753,l
0.4064,0.1407,0.9065,l
0.3595,0.1094,0.9534,l
0.3439,0.0938,0.8597,l
0.297,0.0782,0.9222,l
0.2813,0.125,0.8909,l
0.297,0.0938,0.9065,l
0.2657,0.125,0.9534,l
0.2188,0.1094,1.016,l
0.2032,0.0938,0.9691,l
0.1719,0.0625,1.0003,l
0.125,0.0625,1.016,l
0.0938,0.0782,0.9691,l
0.0782,0.0938,0.9534,l
0.0625,0.0625,0.9691,l
0.0782,0.0469,0.9847,l
0.0469,0.0938,1.016,l
-0.0156,0.0313,0.9847,l
-0.0156,0.0469,1.016,l
-0.0625,0.0313,1.0003,l
-0.0782,0.0469,0.9691,l
-0.0782,0.0313,1.016,l
-0.1094,-0.0313,0.9534,l
-0.0344,0.0288,0.9684,l
-0.06,-0.0694,0.9691,l
-0.1038,-0.0644,0.9828,l
-0.1488,-0.0363,1.0109,l
-0.1438,-0.1063,1.0285,l
-0.1525,-0.1488,0.9841,l
-0.1225,-0.1225,0.9803,l
-0.0882,-0.0882,0.9953,l
-0.0882,-0.1182,0.9903,l
-0.0938,-0.1782,0.9566,l
-0.0675,-0.1857,0.9553,l
-0.055,-0.1394,0.9853,l
-0.0775,-0.0719,1.0078,l
-0.1075,-0.0244,1.0091,l
-0.1375,-0.0406,0.9941,l
-0.1507,-0.095,0.9903,l
-0.1307,-0.125,0.9903,l
0.0938,-0.6721,0.7971,l
0.0156,-0.5939,0.7034,l
0,-0.7034,0.7034,l
-0.0156,-0.6565,0.719,l
0.0313,-0.6408,0.7659,l
-0.0156,-0.6877,0.719,l
0,-0.5783,0.7346,l
0.0313,-0.5939,0.7659,l
0.0469,-0.6565,0.7502,l
0.0156,-0.6096,0.719,l
0.0156,-0.5627,0.7659,l
0.0156,-0.5783,0.7971,l
0.0469,-0.5939,0.844,l
-0.0131,-0.5489,0.784,l
0.0275,-0.5183,0.8103,l
0.0588,-0.5708,0.8265,l
0.0494,-0.5783,0.8546,l
0.0469,-0.4908,0.8096,l
-0.0125,-0.5402,0.8209,l
-0.02,-0.5289,0.8734,l
-0.0475,-0.5264,0.8271,l
-0.0125,-0.5214,0.8171,l
-0.0125,-0.5439,0.8659,l
-0.0575,-0.5714,0.8559,l
-0.0213,-0.5946,0.804,l
-0.0438,-0.5496,0.8265,l
0.0194,-0.3401,0.889,l
0.1344,-0.1876,0.9128,l
0.0369,-0.3245,0.8828,l
0.0269,-0.5045,0.8078,l
-0.0025,-0.5339,0.8278,l
0.0275,-0.4889,0.884,l
0.0125,-0.472,0.8221,l
0.0025,-0.542,0.8647,l
0.0213,-0.5177,0.889,l
0.0638,-0.5302,0.874,l
0.0782,-0.5158,0.8597,l
0.0469,-0.5471,0.8597,l
0.0769,-0.5771,0.8597,l
0.0063,-0.5927,0.8309,l
0,-0.6077,0.8421,l
-0.0131,-0.5571,0.8309,l
-0.0281,-0.5345,0.8159,l
-0.0431,-0.5552,0.8246,l
-0.0581,-0.5402,0.8284,l
-0.0731,-0.5739,0.8284,l
-0.0982,-0.5639,0.8084,l
-0.1375,-0.5283,0.8346,l
-0.1475,-0.5158,0.8421,l
-0.1325,-0.4995,0.869,l
-0.125,-0.492,0.854,l
-0.125,-0.5139,0.8178,l
-0.1313,-0.5127,0.8565,l
-0.1294,-0.4733,0.8753,l
-0.1044,-0.4583,0.8703,l
-0.0894,-0.4777,0.8684,l
-0.0857,-0.4964,0.8759,l
-0.1094,-0.4814,0.8409,l
-0.1094,-0.4639,0.8909,l
-0.1075,-0.4301,0.8909,l
-0.0963,-0.3801,0.8922,l
-0.125,-0.4376,0.9065,l
-0.0938,-0.3908,0.8128,l
-0.1094,-0.3908,0.9847,l
-0.0625,-0.422,0.9065,l
-0.0469,-0.4064,0.8753,l
-0.0313,-0.4533,0.9222,l
-0.0156,-0.3908,0.9222,l
-0.0625,-0.422,0.8597,l
-0.0469,-0.4845,0.8909,l
-0.0469,-0.3439,0.8597,l
-0.0313,-0.5002,0.9065,l
-0.0313,-0.4376,0.8597,l
-0.0313,-0.4845,0.9065,l
-0.0156,-0.4845,0.8597,l
-0.0313,-0.5002,0.9065,l
0,-0.4689,0.8909,l
-0.0313,-0.4689,0.844,l
-0.0156,-0.5158,0.844,l
0,-0.5002,0.8597,l
0.0156,-0.4376,0.8597,l
0.0156,-0.5471,0.844,l
0.0156,-0.5158,0.8128,l
0.0469,-0.5158,0.844,l
0.0469,-0.5314,0.844,l
0.0313,-0.5002,0.8284,l
0,-0.5471,0.8128,l
-0.0156,-0.5783,0.8128,l
0.0144,-0.5033,0.8428,l
0.03,-0.5289,0.8153,l
0.045,-0.5314,0.8678,l
0.0469,-0.5445,0.8228,l
0.0469,-0.472,0.8628,l
0.0588,-0.5245,0.8396,l
0.0513,-0.5696,0.8284,l
0.0256,-0.5358,0.8178,l
0.0556,-0.5258,0.8028,l
0.0875,-0.5408,0.844,l
0.0938,-0.5383,0.8578,l
0.0694,-0.5152,0.8359,l
0.0544,-0.5377,0.8284,l
0.0832,-0.5989,0.849,l
0.0844,-0.5877,0.8753,l
0.0413,-0.5539,0.8584,l
0.0313,-0.5889,0.8134,l
0.0313,-0.5608,0.8078,l
0.0275,-0.5158,0.864,l
0.0219,-0.522,0.8253,l
0.0469,-0.5395,0.8153,l
0.0506,-0.5058,0.8284,l
0.0756,-0.5458,0.8296,l
0.0469,-0.5314,0.844,l
0.0313,-0.5314,0.8284,l
0.0625,-0.5314,0.8284,l
0.0469,-0.5002,0.8753,l
0.0469,-0.5002,0.8128,l
0.0782,-0.5002,0.8597,l
0.0782,-0.5314,0.8597,l
0.0469,-0.4689,0.8753,l
0.0625,-0.5002,0.8753,l
0.0625,-0.4845,0.8597,l
0.0156,-0.4689,0.8909,l
0.0313,-0.4376,0.8909,l
0.0156,-0.422,0.8753,l
0.0313,-0.4376,0.8753,l
-0.2188,-0.4533,0.7659,l
0,-0.4689,0.9847,l
0.0313,-0.5939,0.7659,l
-0.0469,-0.4064,0.9065,l
-0.0156,-0.5158,0.8909,l
0.0782,-0.5002,0.844,l
0.0469,-0.5314,0.8284,l
0.1094,-0.4689,0.844,l
-0.0625,-0.4845,0.7815,l
0.0625,-0.5002,0.844,l
0.0782,-0.5783,0.8284,l
0.0631,-0.4883,0.8584,l
0.0481,-0.5133,0.8309,l
0.0194,-0.5158,0.8559,l
0.0419,-0.5683,0.8334,l
0.0344,-0.5283,0.8409,l
0.055,-0.492,0.8559,l
0.0738,-0.507,0.8371,l
0.0356,-0.5264,0.8496,l
0.0056,-0.5114,0.8496,l
0.0375,-0.5095,0.844,l
0.0188,-0.4895,0.844,l
0.0006,-0.4933,0.844,l
0.0156,-0.5083,0.844,l
0.0156,-0.4933,0.8647,l
0.0031,-0.4783,0.8909,l
-0.0044,-0.452,0.8965,l
0.0256,-0.427,0.9015,l
0.0381,-0.4201,0.8953,l
0.0119,-0.3789,0.914,l
-0.0031,-0.3876,0.9441,l
-0.1107,-0.2076,0.884,l
-0.5327,0.522,0.4958,l
0.03,-0.5696,0.9147,l
0.0156,-0.4689,0.8284,l
0.0313,-0.4533,0.8753,l
-0.0438,-0.4683,0.8753,l
-0.0325,-0.4401,0.9184,l
-0.045,-0.5064,0.8396,l
-0.0338,-0.4764,0.8546,l
-0.0563,-0.4814,0.8597,l
-0.0388,-0.4964,0.8953,l
-0.0088,-0.4889,0.8728,l
0,-0.5058,0.9128,l
-0.02,-0.4658,0.8778,l
-0.0219,-0.4283,0.8815,l
-0.0069,-0.4133,0.9153,l
-0.0163,-0.4145,0.9222,l
-0.0313,-0.407,0.9222,l
-0.0863,-0.4664,0.929,l
-0.125,-0.5627,0.9128,l
-0.0613,-0.6021,0.8471,l
-0.0363,-0.6121,0.8171,l
-0.0556,-0.4539,0.8728,l
-0.0744,-0.3939,0.8953,l
-0.075,-0.4752,0.8597,l
-0.1425,-0.5777,0.8647,l
-0.2082,-0.6452,0.889,l
-0.0206,-0.5564,0.8703,l
-0.0782,-0.4845,0.8128,l
-0.0938,-0.5002,0.8597,l
0.0313,-0.4533,0.9065,l
-0.0782,-0.4845,0.8753,l
-0.0625,-0.5314,0.844,l
-0.125,-0.4533,0.9378,l
-0.125,-0.4845,0.8753,l
-0.0782,-0.4376,0.8753,l
-0.0782,-0.422,0.8597,l
-0.0938,-0.5314,0.844,l
-0.0782,-0.5002,0.8753,l
-0.0938,-0.5314,0.844,l
-0.0782,-0.4845,0.8128,l
-0.0625,-0.5158,0.844,l
-0.0469,-0.5471,0.8597,l
-0.0469,-0.5002,0.8128,l
-0.0156,-0.5158,0.844,l
-0.0156,-0.5314,0.8128,l
-0.0156,-0.5002,0.8128,l
0.0313,-0.5158,0.8753,l
0.0313,-0.5314,0.7971,l
0,-0.6252,0.8128,l
0.1094,-0.5158,0.8284,l
0.0469,-0.5471,0.7815,l
0.0469,-0.5627,0.8128,l
0.0938,-0.5471,0.8284,l
0.0782,-0.5783,0.8128,l
0.0932,-0.5783,0.8128,l
0.1082,-0.5208,0.784,l
0.1232,-0.4883,0.8365,l
0.1119,-0.4845,0.844,l
0.1219,-0.472,0.819,l
0.1488,-0.5521,0.8009,l
0.1563,-0.5445,0.8084,l
0.135,-0.542,0.8021,l
0.145,-0.5571,0.8071,l
0.1563,-0.5814,0.8128,l
0.1388,-0.5327,0.8128,l
0.1088,-0.4927,0.8209,l
0.0938,-0.4777,0.8434,l
0.0869,-0.5014,0.839,l
0.0719,-0.5689,0.8065,l
0.0569,-0.5727,0.8084,l
0.0419,-0.5527,0.8284,l
0.0313,-0.5445,0.824,l
0.035,-0.5633,0.8165,l
0.0438,-0.5158,0.8284,l
0.0263,-0.5183,0.8309,l
0.0038,-0.5352,0.8421,l
0.0288,-0.5614,0.8271,l
0,-0.5471,0.8128,l
0,-0.5158,0.844,l
0,-0.5158,0.859,l
-0.0144,-0.5158,0.8309,l
-0.0294,-0.5295,0.8284,l
-0.0444,-0.5577,0.8153,l
-0.0344,-0.5252,0.8378,l
-0.0194,-0.5158,0.8321,l
-0.0044,-0.527,0.8284,l
-0.0319,-0.5633,0.839,l
-0.0169,-0.5783,0.794,l
0,-0.5877,0.7659,l
-0.0175,-0.5852,0.7746,l
-0.015,-0.5864,0.7978,l
0.0225,-0.6315,0.7978,l
0.0331,-0.6583,0.7677,l
0.06,-0.5339,0.7921,l
0.045,-0.5452,0.7659,l
0.0325,-0.5352,0.7684,l
0.0469,-0.5783,0.7971,l
0.0782,-0.5627,0.7659,l
0.0313,-0.5314,0.8128,l
0.0469,-0.5471,0.7659,l
0.0469,-0.5627,0.8284,l
0.0782,-0.5627,0.8128,l
0.0469,-0.4376,0.844,l
0.0625,-0.5314,0.844,l
0.0938,-0.5783,0.8284,l
0.1094,-0.5939,0.8284,l
0.0938,-0.6252,0.7502,l
0,-0.6252,0.7346,l
0.0469,-0.6096,0.7971,l
0.0469,-0.5627,0.7659,l
0.0313,-0.5939,0.8128,l
0.0313,-0.5783,0.8128,l
-0.0469,-0.5314,0.8128,l
0,-0.5314,0.7815,l
-0.0469,-0.5471,0.8128,l
-0.0938,-0.5783,0.7659,l
-0.0938,-0.5783,0.8128,l
-0.0938,-0.5627,0.8909,l
-0.125,-0.5314,0.7815,l
-0.0625,-0.6252,0.8128,l
-0.1094,-0.6096,0.844,l
-0.1563,-0.5783,0.8284,l
-0.1407,-0.5314,0.8909,l
-0.1557,-0.4564,0.8009,l
-0.1707,-0.4964,0.8115,l
-0.1032,-0.4727,0.9228,l
-0.1594,-0.4952,0.8722,l
-0.1844,-0.5502,0.8847,l
-0.1876,-0.5152,0.8909,l
-0.1538,-0.5452,0.8459,l
-0.1194,-0.5202,0.8178,l
-0.1694,-0.5502,0.8328,l
-0.1657,-0.522,0.8534,l
-0.1494,-0.467,0.8421,l
-0.1563,-0.4777,0.8528,l
-0.1038,-0.5302,0.8603,l
-0.04,-0.542,0.8371,l
-0.025,-0.5095,0.8471,l
0.0013,-0.517,0.8697,l
0.0463,-0.542,0.8597,l
0.065,-0.5227,0.8421,l
0.035,-0.5039,0.8046,l
0.0438,-0.522,0.8315,l
0.0363,-0.5395,0.8365,l
0.0625,-0.502,0.799,l
0.0638,-0.5208,0.8165,l
0.0782,-0.5783,0.8597,l
0.125,-0.5314,0.8753,l
0.125,-0.5314,0.8284,l
0.1094,-0.5314,0.844,l
0.0782,-0.5158,0.7659,l
0.0625,-0.5314,0.8909,l
0.0625,-0.5002,0.844,l
0.0469,-0.4689,0.8753,l
0.0469,-0.4845,0.844,l
0.0625,-0.5314,0.8284,l
-0.0156,-0.4845,0.8909,l
-0.0156,-0.5002,0.8753,l
-0.0469,-0.4533,0.8753,l
-0.0469,-0.4845,0.8909,l
-0.0625,-0.4376,0.8597,l
-0.0625,-0.4845,0.9065,l
-0.0782,-0.5158,0.844,l
-0.0625,-0.4845,0.8284,l
-0.0782,-0.4533,0.8753,l
-0.0782,-0.4845,0.8597,l
-0.125,-0.4376,0.9065,l
-0.1563,-0.422,0.8284,l
-0.1563,-0.4845,0.8284,l
-0.1563,-0.5158,0.8753,l
-0.2188,-0.5158,0.8597,l
-0.2032,-0.5002,0.8284,l
-0.2501,-0.5002,0.8284,l
-0.1751,-0.5002,0.8734,l
-0.2151,-0.4858,0.8465,l
-0.2051,-0.512,0.8165,l
-0.1769,-0.5027,0.7865,l
-0.1844,-0.5127,0.8065,l
-0.1876,-0.5633,0.789,l
-0.1538,-0.6008,0.8378,l
-0.1407,-0.5245,0.8703,l
-0.1807,-0.4945,0.8353,l
-0.1563,-0.5189,0.8221,l
-0.1075,-0.5227,0.8371,l
-0.11,-0.5564,0.8359,l
-0.095,-0.5939,0.7984,l
-0.035,-0.6008,0.7796,l
-0.0188,-0.5783,0.8034,l
-0.0469,-0.5539,0.8184,l
-0.0369,-0.5689,0.8334,l
-0.0025,-0.5027,0.844,l
0.0238,-0.4651,0.8553,l
0.0063,-0.4408,0.894,l
0.0313,-0.3908,0.9015,l
0.0238,-0.3983,0.8753,l
-0.025,-0.462,0.8778,l
0.0469,-0.5627,0.9065,l
0.0625,-0.5002,0.8284,l
0.1075,-0.4852,0.8434,l
0.095,-0.4989,0.8153,l
1.4004,-1.5455,1.3904,l
0.2657,-0.7034,0.8915,l
-0.0219,-0.5033,0.8565,l
0.0638,-0.4764,0.8515,l
0.0825,-0.5027,0.8328,l
0.0888,-0.5477,0.8178,l
0.0838,-0.5327,0.8328,l
0.0782,-0.5345,0.7878,l
0.0869,-0.5383,0.9866,l
0.0531,-0.4827,0.9934,l
0.0231,-0.4977,0.8059,l
0.0656,-0.5489,0.7953,l
0.1157,-0.5377,0.794,l
0.1363,-0.5302,0.7884,l
0.1413,-0.5052,0.8234,l
0.105,-0.5202,0.8215,l
0.09,-0.5539,0.8403,l
0.0813,-0.6033,0.8284,l
-0.4064,0.5627,1.0941,l
0.0782,0.0156,0.9847,l
-0.0782,0.0782,0.8909,l
-0.0469,0.0156,0.8909,l
0.125,-0.125,1.0003,l
0.0782,0,1.0316,l
-0.0782,0.1563,1.0628,l
-0.0313,0.1407,0.9691,l
0,0.0625,1.0628,l
0.0156,-0.0156,1.0003,l
0,-0.0313,0.9691,l
0,-0.0313,1.0003,l
0.0469,-0.1876,1.0316,l
-0.0131,0.0225,1.0166,l
-0.0156,-0.0119,1.0016,l
-0.0019,-0.0294,1.0003,l
-0.0394,0.1132,1.0003,l
-0.0344,0.0531,0.9753,l
0.3013,-0.2657,1.076,l
0.0913,-0.1569,0.9522,l
-0.0313,-0.0144,1.0185,l
-0.0713,0.1157,1.0585,l
-0.15,0.1438,1.066,l
-0.0388,0.0113,1.026,l
0.0456,-0.0538,0.9766,l
0.0306,-0.0538,0.9841,l
-0.0013,-0.0094,0.9728,l
-0.0125,0.0156,0.9566,l
0.0456,-0.0782,0.9678,l
0.0506,-0.0982,0.9678,l
0.1119,-0.1407,1.0228,l
0.0669,-0.1332,1.0041,l
0.0594,-0.1219,1.0128,l
0.1469,-0.1694,0.9903,l
0.0231,-0.1507,0.9434,l
0.0769,-0.1082,0.9847,l
0.0625,-0.0938,0.9847,l
-0.0782,-0.0938,0.9065,l
0.1019,-0.1238,0.9816,l
0.1525,-0.1394,0.9847,l
0.115,-0.1269,0.9709,l
0.1094,-0.125,0.9822,l
0.0969,-0.2251,0.9347,l
0.0106,-0.1432,0.9697,l
0.0519,-0.1207,0.9734,l
0.0888,-0.1676,0.9584,l
0.0738,-0.2476,0.8534,l
0.0813,-0.2063,0.9097,l
0.085,-0.1651,0.9584,l
0.1107,-0.1638,0.9622,l
0.0506,-0.0813,1.0147,l
-0.0056,-0.0619,1.0059,l
0.0156,-0.0969,0.9784,l
-0.0088,-0.0481,0.9991,l
0.0463,-0.0882,0.9691,l
0.0694,-0.1182,0.9647,l
0.0656,-0.1444,0.9534,l
0.1219,-0.1563,0.9566,l
0.1044,-0.1613,0.9616,l
0.0782,-0.1763,0.9297,l
0.0819,-0.0975,0.9822,l
0.125,-0.1407,0.9534,l
0.0938,-0.1563,0.9691,l
0.1094,-0.1719,0.9847,l
0.0469,-0.1563,0.9534,l
-0.0782,0.0938,1.1097,l
0.0938,-0.1563,0.9534,l
0.0469,-0.1094,0.9691,l
0.0938,-0.1407,0.9691,l
0.125,-0.0469,1.0003,l
0.1407,-0.1407,0.9691,l
0.1719,-0.1407,1.0316,l
0.1407,-0.125,0.9847,l
0.0938,-0.0938,0.9222,l
0.0782,-0.1563,0.9691,l
0.0782,-0.2657,0.9691,l
0.0782,-0.1563,0.9691,l
0.0938,-0.1719,0.9847,l
0.0782,-0.1563,0.9534,l
0.1094,-0.1719,0.9847,l
0.0782,-0.1719,0.9847,l
0.1094,-0.1563,0.9847,l
0.0625,-0.1719,0.9847,l
-0.0156,-0.1719,0.9222,l
0.0469,-0.2657,0.9222,l
0.1407,-0.1563,1.0003,l
0.0782,-0.1719,0.9691,l
0.0469,-0.2501,0.9691,l
0.0919,-0.115,0.9991,l
0.065,-0.1669,0.9859,l
0.09,-0.1719,0.9709,l
0.0019,-0.08,1.0084,l
0.0844,-0.15,0.9909,l
0.0619,-0.1838,0.9609,l
0.0581,-0.1763,0.9534,l
0.0519,-0.2038,0.9534,l
0.0569,-0.1888,0.9634,l
0.0813,-0.1626,0.9691,l
0.085,-0.1651,0.9691,l
0.0538,-0.1557,0.9772,l
0.0538,-0.1632,0.9772,l
0.0782,-0.1944,0.9622,l
0.0719,-0.1907,0.9534,l
0.0625,-0.1832,0.9534,l
0.0625,-0.1982,0.9584,l
0.0625,-0.1919,0.9691,l
0.0625,-0.1957,0.9691,l
0.0594,-0.1782,0.9659,l
0.0444,-0.1932,0.9584,l
0.035,-0.15,0.9828,l
0.0663,-0.2201,0.9703,l
0.1094,-0.2345,0.9847,l
0.0313,-0.1563,0.9691,l
0.0463,-0.1713,0.9541,l
-0.0538,-0.2151,0.9247,l
0.0338,-0.1638,0.9222,l
0.0731,-0.1038,0.9616,l
0.0406,-0.1563,0.9816,l
0.0194,-0.2076,0.9609,l
0.0494,-0.2188,0.9534,l
0.0625,-0.2188,0.9428,l
0.0725,-0.1888,0.9478,l
0.0031,-0.247,0.9065,l
0.0406,-0.3057,0.9015,l
0.0688,-0.2395,0.9384,l
0.125,-0.0807,0.9822,l
0.1269,-0.0938,0.9728,l
0.1382,-0.0925,0.9991,l
0.1094,-0.0782,0.9847,l
0.1407,-0.0625,0.9691,l
0.1107,-0.0925,0.9841,l
0.0807,-0.065,0.9847,l
0.1057,-0.1038,0.9984,l
0.07,-0.07,0.9741,l
0.075,-0.1,0.9941,l
0.09,-0.0975,0.9766,l
0.0825,-0.0938,1.0028,l
0.0782,-0.0938,0.9734,l
0.0882,-0.1238,0.9734,l
0.0656,-0.1125,0.9566,l
0.0556,-0.1113,0.9816,l
0.0544,-0.1007,0.9916,l
0.0394,-0.0932,0.9841,l
0.0381,-0.1232,0.9934,l
0.0344,-0.1219,0.9909,l
0.0269,-0.0994,1.0059,l
0.0369,-0.1244,1.0009,l
0.02,-0.1475,0.9734,l
0.0388,-0.1288,0.9809,l
0.0594,-0.1282,0.9722,l
0.0469,-0.0832,0.9872,l
0.045,-0.1094,0.9966,l
0.0325,-0.1107,0.9691,l
0.0469,-0.125,0.9691,l
0.0469,-0.1407,0.9847,l
0.0625,-0.125,1.0003,l
0.0469,-0.1094,0.9691,l
0.0625,-0.1094,0.9378,l
0.0625,-0.125,0.9847,l
0.0469,-0.1094,0.9847,l
0.0313,-0.1407,0.9847,l
0.0469,-0.0938,0.9847,l
0.0469,-0.1407,0.9691,l
0.0469,-0.1407,0.9691,l
0.0625,-0.0938,0.9847,l
0.0782,-0.0938,0.9691,l
0.0782,-0.0938,0.9847,l
0.0782,-0.1094,0.9691,l
0.0625,-0.1094,0.9691,l
0.0625,-0.125,0.9691,l
0.0782,-0.0782,0.9534,l
0.0782,-0.125,0.9691,l
0.1094,-0.125,0.9847,l
0.0782,-0.0782,0.9691,l
0.0625,-0.0938,0.9847,l
0.0938,-0.125,0.9691,l
0.0938,-0.0625,0.9691,l
0.0782,-0.1407,0.9691,l
0.1094,-0.1094,0.9847,l
0.0938,-0.125,0.9691,l
0.0938,-0.11,0.9841,l
0.0794,-0.1238,0.9703,l
0.0782,-0.1388,0.9828,l
0.0913,-0.1144,0.9716,l
0.0938,-0.1219,0.9566,l
0.07,-0.1013,0.9772,l
0.085,-0.1275,0.9847,l
0.0938,-0.13,0.9634,l
0.0838,-0.1651,0.9834,l
0.0875,-0.1313,0.9816,l
0.1025,-0.085,0.9778,l
0.1094,-0.0782,0.9766,l
0.1019,-0.0706,0.9691,l
0.0869,-0.0694,0.9759,l
0.0907,-0.1032,0.9972,l
0.0982,-0.1238,0.9934,l
0.0782,-0.0888,0.9734,l
0.0782,-0.0869,0.9984,l
0.0819,-0.1057,0.9572,l
0.0907,-0.0969,0.9784,l
0.0756,-0.1019,1.0084,l
0.0606,-0.0663,0.9691,l
0.0444,-0.0913,0.9691,l
0.0156,-0.0625,0.9691,l
0.0313,-0.0469,0.9534,l
0.0463,-0.0919,0.9984,l
0.0613,-0.0794,1.0003,l
0.035,-0.0782,0.9866,l
0.0181,-0.1044,0.9978,l
0.0406,-0.0719,0.9753,l
0.0231,-0.0744,0.9691,l
0.0269,-0.1232,1.0253,l
0.0206,-0.1194,0.9622,l
0.0056,-0.1194,0.9822,l
0.0094,-0.125,1.0066,l
0.0069,-0.1425,0.9653,l
-0.0081,-0.1644,0.9459,l
-0.0081,-0.1719,0.9759,l
0,-0.1788,0.9866,l
-0.0188,-0.2001,0.9816,l
-0.0413,-0.2076,0.9834,l
-0.0313,-0.2026,0.9534,l
-0.0225,-0.2213,0.9709,l
-0.0038,-0.1838,1.0084,l
-0.0094,-0.1688,0.9909,l
0.0106,-0.1638,1.0084,l
-0.0156,-0.2069,0.9672,l
-0.0169,-0.2294,0.9547,l
-0.0313,-0.1719,0.9691,l
0,-0.1876,1.016,l
-0.0313,-0.1407,0.9222,l
-0.0469,-0.2032,1.0316,l
-0.0313,-0.1407,0.9691,l
-0.0469,-0.1876,0.9691,l
-0.0625,-0.1719,0.9534,l
-0.0625,-0.1876,0.9847,l
-0.0625,-0.1563,1.0003,l
-0.1094,-0.1719,0.9378,l
-0.0782,-0.1876,1.0003,l
-0.0782,-0.1876,0.9847,l
-0.125,-0.1876,0.9378,l
-0.125,-0.1563,1.0003,l
-0.1563,-0.0625,0.9534,l
-0.1407,-0.125,0.9691,l
-0.1719,-0.125,0.9534,l
-0.1719,-0.125,0.9847,l
-0.1876,-0.0938,1.0003,l
-0.2032,-0.0938,0.9378,l
-0.2501,-0.0782,1.0003,l
-0.2657,0.0469,0.9691,l
0.0469,-0.1563,0.9828,l
0.0469,-0.1482,0.9772,l
0.0394,-0.1482,0.9922,l
0.0313,-0.1357,0.9797,l
0.0438,-0.1219,0.9659,l
0.0625,-0.1463,0.9791,l
0.0525,-0.1513,0.9741,l
0.0356,-0.1319,0.9891,l
0.0394,-0.1132,0.9966,l
0.0219,-0.125,0.9847,l
0.0394,-0.1275,0.9847,l
0.0019,-0.1369,0.9866,l
0.0156,-0.1107,0.9991,l
0.0156,-0.125,0.9847,l
0.0156,-0.1094,1.0003,l
-0.0156,-0.1094,0.9691,l
-0.0156,-0.0469,1.0003,l
0.0156,-0.0625,1.0003,l
-0.0156,-0.0782,0.9691,l
-0.0313,-0.0313,1.016,l
-0.0156,-0.0625,0.9691,l
-0.0469,-0.0782,1.0003,l
-0.0313,-0.0782,1.016,l
-0.0625,-0.0156,1.0003,l
-0.0938,-0.0625,1.016,l
-0.1094,-0.0469,0.9534,l
-0.125,-0.0782,1.0003,l
-0.1094,-0.0469,1.016,l
-0.1094,-0.0313,0.9534,l
-0.125,-0.0156,1.016,l
-0.1094,-0.0156,0.9691,l
-0.125,-0.0313,1.016,l
-0.1719,-0.0156,0.9691,l
-0.1563,-0.0313,0.9691,l
-0.1407,-0.0938,0.9847,l
-0.1563,-0.0156,1.0003,l
-0.1719,-0.0156,0.9847,l
-0.1719,-0.0469,0.9847,l
-0.1563,0,1.016,l
-0.1563,0,1.016,l
-0.1563,0,1.016,l
-0.1563,0,1.016,l
-0.1563,0,1.016,l
-0.1563,0,1.016,l
-0.1563,0,1.016,l
-0.1563,0,1.016,l
-0.1563,0,1.016,l
-0.1563,0,1.016,l
-0.1563,0,1.016,l
-0.125,-0.0469,0.9847,l
-0.1469,-0.0563,0.9628,l
-0.1188,-0.0313,1.0003,l
-0.1188,-0.0188,1.0003,l
-0.1407,-0.0594,0.9816,l
-0.1094,-0.0313,0.9847,l
-0.0688,-0.0625,1.0003,l
-0.0969,-0.0469,1.0003,l
-0.0719,-0.0594,1.0003,l
-0.0375,-0.0844,0.9878,l
-0.0469,-0.0469,0.9847,l
-0.0375,-0.0531,0.9909,l
-0.0344,-0.05,0.9722,l
-0.0219,-0.05,0.9972,l
-0.0313,-0.0469,0.9691,l
-0.0156,-0.0469,1.0003,l
-0.0006,-0.0619,1.0153,l
-0.0144,-0.0194,1.0016,l
-0.0156,-0.0294,0.9866,l
-0.0156,-0.0181,0.9847,l
-0.0156,-0.0281,0.9972,l
0.0081,0.0163,1.0122,l
0.0269,0.0088,1.0047,l
0.01,0.0213,0.9791,l
0.01,0.0213,0.9891,l
0.025,0.0438,0.9909,l
0.0225,0.0888,0.9759,l
0.0156,0.1013,0.9691,l
0.0306,0.0788,0.9766,l
0.0331,0.0694,0.9778,l
0.0156,0.0844,0.9753,l
0.01,0.1107,0.9847,l
0,0.1257,0.9897,l
0.0044,0.0938,1.0003,l
0.0156,0.105,0.9966,l
0.0094,0.1344,0.9847,l
-0.0056,0.1244,0.9797,l
0.0469,0.1938,0.9553,l
0.0469,0.125,0.9716,l
0.0469,0.125,1.0003,l
0.0313,0.1563,0.9847,l
0.0156,0.1563,0.9534,l
0.0625,0.1876,0.9847,l
0.0313,0.1876,0.9534,l
0.0625,0.1719,0.9847,l
0.0625,0.2032,1.016,l
0.0469,0.2032,0.9691,l
0.0469,0.2345,0.9691,l
0.0469,0.1407,0.9847,l
0.0625,0.2188,0.9378,l
0.0469,0.2032,0.9534,l
0.0938,0.1563,1.0316,l
0.0782,0.1719,0.9534,l
0.0938,0.2032,0.9378,l
0.1094,0.1876,0.9847,l
0.0938,0.125,0.9847,l
0.0938,0.0938,0.9691,l
0.0938,0.1094,0.9691,l
0.1094,0.125,0.9847,l
0.0938,0.0938,0.9691,l
0.0938,0.0625,0.9847,l
0.125,0.0469,0.9691,l
0.125,-0.0469,0.9847,l
0.125,0.0156,0.9534,l
0.1094,-0.0156,1.0003,l
0.1407,-0.0625,0.9847,l
0.1707,-0.0025,0.9697,l
0.1144,-0.0144,0.9691,l
0.1232,-0.0431,0.9828,l
0.125,-0.0338,0.9978,l
0.15,-0.0688,0.9753,l
0.1444,-0.0544,0.9572,l
0.1407,-0.0694,0.9647,l
0.1619,-0.0569,0.9797,l
0.1519,-0.0569,0.9847,l
0.15,-0.0907,0.9566,l
-0.125,-0.4689,0.8753,l
-0.1094,-0.4376,0.844,l
-0.1407,-0.4376,0.8597,l
-0.125,-0.4376,0.8597,l
-0.125,-0.4376,0.8597,l
-0.1407,-0.4689,0.8284,l
-0.1407,-0.4376,0.8284,l
-0.0938,-0.4689,0.8597,l
-0.1094,-0.4689,0.8284,l
-0.0938,-0.4533,0.8597,l
-0.125,-0.4845,0.8284,l
-0.1094,-0.5002,0.8284,l
-0.1094,-0.5002,0.7971,l
-0.0794,-0.4852,0.8271,l
-0.0925,-0.4845,0.7996,l
-0.0525,-0.5258,0.8246,l
-0.0206,-0.5445,0.789,l
-0.0156,-0.5345,0.794,l
-0.0156,-0.5314,0.7853,l
-0.0044,-0.5539,0.7702,l
0,-0.5733,0.7765,l
-0.03,-0.5983,0.7515,l
-0.0375,-0.5908,0.744,l
-0.0138,-0.6046,0.7502,l
0,-0.6089,0.7502,l
0.0075,-0.5939,0.7352,l
0.0225,-0.5871,0.7396,l
0.025,-0.5658,0.7596,l
0.0213,-0.5583,0.7559,l
0.0363,-0.5833,0.7659,l
0.0381,-0.5939,0.7615,l
0.0231,-0.5977,0.754,l
0.0438,-0.6033,0.7659,l
0.0288,-0.5733,0.7634,l
0.0194,-0.5508,0.7521,l
0.0469,-0.5796,0.7646,l
0.0469,-0.5939,0.7502,l
0.0469,-0.5627,0.7502,l
0.0625,-0.5471,0.7502,l
0.0782,-0.6096,0.7659,l
0.0625,-0.5002,0.7659,l
0.0782,-0.5471,0.7971,l
0.0782,-0.5158,0.7659,l
0.0625,-0.5314,0.7502,l
0.0625,-0.5471,0.7502,l
0.0782,-0.5939,0.7659,l
0.125,-0.5314,0.7815,l
0.0625,-0.5002,0.7502,l
0.0938,-0.5314,0.7971,l
0.1094,-0.5471,0.7815,l
0.0938,-0.5158,0.7815,l
0.1094,-0.5314,0.8128,l
0.0938,-0.5002,0.7971,l
0.0938,-0.5002,0.7971,l
0.125,-0.5158,0.8128,l
0.1094,-0.5002,0.7815,l
0.0782,-0.5314,0.7971,l
0.1407,-0.4845,0.8284,l
0.1407,-0.5002,0.7815,l
0.125,-0.4845,0.7659,l
0.125,-0.5158,0.8128,l
0.1407,-0.5314,0.8128,l
0.1094,-0.4845,0.7815,l
0.1394,-0.5145,0.8115,l
0.1694,-0.4295,0.7984,l
0.1307,-0.4633,0.8109,l
0.125,-0.5083,0.7996,l
0.125,-0.4783,0.8221,l
0.125,-0.4808,0.8046,l
0.1475,-0.4958,0.7971,l
0.1457,-0.5002,0.7971,l
0.1507,-0.4802,0.8271,l
0.1469,-0.497,0.8065,l
0.1494,-0.4808,0.7815,l
0.1482,-0.4614,0.7896,l
0.1557,-0.4614,0.7971,l
0.1719,-0.467,0.7971,l
0.1782,-0.4845,0.8034,l
0.1819,-0.4845,0.8071,l
0.1669,-0.4895,0.7971,l
0.1563,-0.5045,0.7971,l
0.1563,-0.5195,0.7934,l
0.1532,-0.5345,0.7815,l
0.1332,-0.5496,0.7765,l
0.0938,-0.5683,0.7521,l
0.0963,-0.6033,0.7646,l
0.125,-0.5314,0.7502,l
0.1094,-0.5471,0.7502,l
0.0782,-0.5783,0.7815,l
0.0782,-0.5627,0.7659,l
0.0625,-0.5158,0.7971,l
0.0625,-0.5471,0.7659,l
0.0938,-0.5471,0.7815,l
0.0938,-0.4845,0.7815,l
0.0782,-0.5002,0.7815,l
0.1094,-0.5158,0.7971,l
0.1094,-0.5002,0.7815,l
0.0938,-0.5314,0.7815,l
0.125,-0.4845,0.8128,l
0.125,-0.5002,0.7971,l
0.125,-0.4845,0.7971,l
0.1563,-0.5002,0.8128,l
0.1563,-0.4845,0.7971,l
0.1407,-0.4845,0.7815,l
0.1719,-0.4689,0.8128,l
0.1876,-0.5471,0.7815,l
0.1876,-0.5471,0.7971,l
0.1407,-0.5002,0.7659,l
0.1094,-0.5627,0.7815,l
0.1407,-0.5314,0.7659,l
0.1407,-0.6096,0.7502,l
0.1563,-0.6408,0.7659,l
0.1407,-0.5783,0.7659,l
0.0957,-0.5633,0.7509,l
0.0938,-0.5627,0.7215,l
0.0663,-0.5627,0.7327,l
0.0888,-0.5627,0.7609,l
0.0688,-0.5752,0.7909,l
0.0625,-0.5308,0.7734,l
0.0738,-0.527,0.7884,l
0.0356,-0.5846,0.7652,l
0.0256,-0.5696,0.7602,l
0.0125,-0.5283,0.7752,l
-0.0175,-0.507,0.8078,l
-0.0313,-0.4758,0.804,l
0.2032,-0.0625,0.9691,l
0.1719,-0.0782,0.9534,l
0.2032,-0.0938,1.016,l
0.1563,-0.0313,1.016,l
0.1563,-0.0782,1.016,l
0.0938,-0.0625,1.0472,l
0.0625,-0.0782,1.0472,l
0,-0.1719,0.9691,l
-0.0469,-0.1719,0.9534,l
-0.0469,-0.2188,0.9847,l
-0.0782,-0.2657,0.9847,l
-0.1094,-0.1563,0.9534,l
-0.1719,-0.1563,1.0316,l
-0.1719,-0.0813,0.9866,l
-0.1863,-0.1069,0.9991,l
-0.2288,-0.1232,1.0003,l
-0.2213,-0.1644,0.9609,l
-0.2313,-0.0844,0.9034,l
-0.1869,-0.0982,0.9265,l
-0.1044,-0.0756,0.9265,l
-0.1207,-0.0413,0.9859,l
-0.1007,0.0688,0.9959,l
-0.0782,0.0875,0.9753,l
-0.0606,0.08,0.9866,l
-0.0469,0.0938,0.9597,l
-0.0244,0.1088,0.9297,l
0.0344,0.1319,0.9928,l
0.0844,0.1657,1.0066,l
0.1163,0.1919,0.9278,l
0.1463,0.2069,0.9278,l
0.1338,0.2901,0.8934,l
0.1676,0.3013,0.8859,l
0.2001,0.2626,0.9659,l
0.1926,0.2476,0.9409,l
0.2226,0.2307,0.8865,l
0.2526,0.2069,0.9678,l
0.2813,0.2501,0.9534,l
0.2345,0.1407,0.8909,l
0.2044,0.0957,0.9209,l
0.2319,0.1657,0.9653,l
0.2757,0.1582,0.9828,l
0.2288,0.0907,0.9059,l
0.2063,0.0531,0.9534,l
0.2151,0.035,0.9809,l
0.2188,0.065,0.9734,l
0.2294,0.0356,0.9797,l
0.2044,-0.0144,0.9747,l
0.2157,0.0063,0.9597,l
0.2169,0.0838,0.9534,l
0.1951,0.06,0.9534,l
0.2026,-0.0075,0.9609,l
0.2051,-0.0088,0.9897,l
0.1876,0.025,0.9722,l
0.1763,0.0513,0.9403,l
0.1663,0.0113,1.0003,l
0.1832,-0.0181,0.9828,l
0.1757,0.0044,0.9491,l
0.1751,-0.0125,0.9816,l
0.125,0.0525,0.9716,l
0.1232,0.0019,0.9847,l
0.1132,0.0156,0.9834,l
0.1563,0.0156,0.9691,l
0.1094,0.0156,0.9847,l
0.125,0.0313,0.9534,l
0.1407,0.0156,0.9847,l
0.125,-0.0625,0.9847,l
0.1407,-0.0625,0.9691,l
0.1407,0.0625,0.9222,l
0.125,0.0469,0.9534,l
0.125,0.1563,1.0472,l
0.1407,0.1563,1.016,l
0.1563,0.125,0.9378,l
0.1407,0.1563,1.0316,l
0.0938,0.1094,0.9378,l
0.1094,0.1407,0.9847,l
0.1719,0.1719,0.9847,l
0.1563,0.0938,0.9847,l
0.1407,0.1094,0.9847,l
0.1407,0.0782,0.9691,l
0.1094,0.1094,0.9378,l
0.125,0.2813,0.9847,l
0.1407,0.1876,1.0003,l
0.1094,0.1719,0.9378,l
0.1407,0.125,0.9847,l
0.0938,0.0782,0.9534,l
0.125,0.1094,0.9847,l
0.1094,0.0782,1.0316,l
0.125,0.0625,0.9534,l
0.095,0.0775,0.9834,l
0.0938,0.1213,0.9847,l
0.1075,0.0975,0.9847,l
0.07,0.0675,0.9847,l
0.075,0.1125,0.9972,l
0.09,0.1132,0.9766,l
0.0825,0.0982,0.9916,l
0.0994,0.115,1.0003,l
0.0994,0.125,0.9703,l
0.0938,0.125,0.9816,l
0.0938,0.1075,0.9741,l
0.1019,0.11,0.9778,l
0.1244,0.11,0.9853,l
0.1338,0.1007,0.9759,l
0.125,0.1032,0.9784,l
0.1363,0.0938,0.9747,l
0.1613,0.1038,0.9847,l
0.1632,0.125,0.9759,l
0.1332,0.125,0.9572,l
0.1125,0.125,0.9691,l
0.13,0.125,0.9691,l
0.1563,0.1288,0.9691,l
0.1588,0.155,0.9691,l
0.1876,0.1407,0.9691,l
0.1407,0.0938,0.9691,l
0.1557,0.1388,0.9691,l
0.1563,0.1407,0.9547,l
0.1563,0.1544,0.9672,l
0.1694,0.1169,0.9559,l
0.1844,0.1344,1.0034,l
0.1876,0.1525,0.9684,l
0.1876,0.145,0.9647,l
0.1876,0.1513,0.9903,l
0.1876,0.1363,0.9503,l
0.1688,0.1063,0.9222,l
0.1475,0.085,0.9309,l
0.1488,0.0863,0.9703,l
-0.1638,0.0231,1.0241,l
-0.1994,0.0932,0.9816,l
-0.2532,0.1094,0.9378,l
-0.2982,0.0213,0.9322,l
-0.3232,0.0313,0.9122,l
-0.3038,0.0094,0.9084,l
-0.2776,-0.0431,0.9534,l
-0.2657,-0.0313,0.9628,l
-0.2632,-0.0363,0.9953,l
-0.2595,-0.0569,0.9653,l
-0.332,-0.0044,0.9353,l
-0.3751,0.125,0.9065,l
-0.3282,0,0.9378,l
-0.3282,0.06,0.9828,l
-0.3139,0.0338,0.9703,l
-0.3676,0.1413,1.0791,l
-0.4014,0.2482,1.0153,l
-0.2188,0.0156,0.8003,l
-0.2907,-0.1182,0.869,l
-0.317,0.0731,0.839,l
-0.3445,0.1882,0.9084,l
-0.4395,0.2332,0.9134,l
-0.4845,0.2219,0.9941,l
-0.4933,0.1157,1.0103,l
-0.4758,0.1038,0.9609,l
-0.4458,0.1338,0.9084,l
-0.3826,0.0888,0.8665,l
-0.3564,0.0563,0.8753,l
-0.4389,0.1088,0.864,l
-0.4739,0.2238,0.824,l
-0.4845,0.2345,0.7946,l
-0.4808,0.2495,0.8284,l
-0.4814,0.2876,0.8315,l
-0.5264,0.2476,0.8515,l
-0.4927,0.2326,0.8909,l
-0.4364,0.2176,0.8897,l
-0.422,0.2032,0.8753,l
-0.4376,0.2188,0.8909,l
-0.4064,0.2345,0.9065,l
-0.3908,0.2345,0.9222,l
-0.3908,0.1876,0.9222,l
-0.3908,0.1094,1.016,l
-0.3282,0.1407,0.9534,l
-0.3282,0.1719,0.9691,l
-0.3282,0.2188,0.9065,l
-0.3282,0.2501,0.8909,l
-0.3595,0.2345,0.844,l
-0.3595,0.1563,1.0003,l
-0.297,0.0782,1.0003,l
-0.2813,0.0938,1.0316,l
-0.2813,0.1719,0.9691,l
-0.2813,0.2501,0.8909,l
-0.3126,0.2188,0.9534,l
-0.2813,0.2657,0.8909,l
-0.2657,0.2657,0.9065,l
-0.3126,0.2813,0.8909,l
-0.297,0.0625,1.016,l
-0.2501,0.1407,0.8753,l
-0.2657,0.3126,0.9065,l
-0.2345,0.297,0.9222,l
-0.2345,0.2345,0.9534,l
-0.2345,0.2501,0.9847,l
-0.2188,0.2032,1.0003,l
-0.2188,0.2482,0.9853,l
-0.262,0.2213,0.9847,l
-0.2244,0.2463,0.9434,l
-0.2451,0.342,0.9115,l
-0.2251,0.2595,0.9441,l
-0.2188,0.2463,0.9772,l
-0.2301,0.2388,0.9847,l
-0.2345,0.2132,0.9741,l
-0.2345,0.2032,0.929,l
-0.2345,0.2313,0.9065,l
-0.2257,0.2588,0.9591,l
-0.2107,0.2332,1.041,l
-0.2332,0.1732,0.9959,l
-0.2382,0.1544,0.9203,l
-0.2094,0.2157,0.9628,l
-0.2019,0.2813,1.0003,l
-0.2119,0.2463,0.9603,l
-0.2751,0.1807,0.884,l
-0.2113,0.2032,0.9328,l
-0.1907,0.2001,1.0191,l
-0.2107,0.1826,1.0241,l
-0.2501,0.1582,0.9791,l
-0.2476,0.1719,0.9353,l
-0.2188,0.1719,0.9065,l
-0.2188,0.2032,0.9378,l
-0.2188,0.1719,1.0003,l
-0.2188,0.1876,0.9534,l
-0.2345,0.1719,0.9691,l
-0.2032,0.2188,0.9378,l
-0.2188,0.2032,0.9847,l
-0.2188,0.1719,0.9534,l
-0.2188,0.2032,0.9847,l
-0.2188,0.2032,0.9378,l
-0.2032,0.2188,0.9378,l
-0.2188,0.1876,0.9222,l
-0.2188,0.2032,0.9691,l
-0.2032,0.1876,1.0003,l
-0.1876,0.1876,1.0003,l
-0.2032,0.2032,0.9691,l
-0.2188,0.2188,0.9378,l
-0.2032,0.2188,0.9378,l
-0.2188,0.2188,0.9534,l
-0.2188,0.1719,0.9847,l
-0.2345,0.1719,0.9691,l
-0.2345,0.1719,0.9378,l
-0.1876,0.1563,0.9691,l
-0.2188,0.1876,1.0003,l
-0.2345,0.2032,0.9847,l
-0.2188,0.1876,0.9691,l
-0.2188,0.2188,0.9691,l
-0.2188,0.1738,0.9541,l
-0.2188,0.2007,0.9534,l
-0.2188,0.1757,0.9672,l
-0.2188,0.1719,0.9822,l
-0.2313,0.1844,0.9847,l
-0.2226,0.1757,0.9728,l
-0.2301,0.1944,0.9466,l
-0.2238,0.1819,0.9484,l
-0.2288,0.1619,0.9534,l
-0.2345,0.1657,0.9722,l
-0.2257,0.1719,0.9672,l
-0.2188,0.1801,0.9616,l
-0.0706,0.2976,0.9697,l
-0.0763,0.2607,0.9397,l
-0.1,0.2845,0.9284,l
-0.0982,0.3595,0.9491,l
-0.0982,0.3545,0.9491,l
-0.1319,0.3439,0.924,l
-0.1132,0.3326,0.9616,l
-0.1282,0.2876,0.9378,l
-0.1432,0.2501,0.9428,l
-0.1563,0.2576,0.9672,l
-0.1563,0.3101,0.9534,l
-0.1563,0.2813,0.9534,l
-0.1719,0.3126,0.9534,l
-0.1569,0.2676,1.0134,l
-0.1563,0.2657,0.9441,l
-0.1563,0.2657,0.9653,l
-0.13,0.2395,0.9559,l
-0.125,0.247,0.9909,l
-0.1488,0.2144,0.9766,l
-0.1338,0.1919,0.9803,l
-0.125,0.1769,0.9847,l
-0.125,0.2219,0.9747,l
-0.1438,0.2313,0.9597,l
-0.1388,0.2451,0.9622,l
-0.1332,0.2576,0.9609,l
-0.1332,0.2501,0.9684,l
-0.1113,0.2363,0.9709,l
-0.1063,0.2501,0.9597,l
-0.1194,0.297,0.9747,l
-0.1044,0.282,0.9697,l
-0.1025,0.2676,0.9422,l
-0.1213,0.3239,0.9422,l
-0.1032,0.3626,0.919,l
-0.0807,0.3701,0.9641,l
-0.0957,0.3401,0.9359,l
-0.1094,0.3139,0.9247,l
-0.1094,0.3282,0.9534,l
-0.1094,0.297,0.9222,l
-0.125,0.3126,0.9378,l
-0.1094,0.3439,0.9222,l
-0.125,0.3595,0.9222,l
-0.0938,0.3595,0.9378,l
-0.0938,0.3908,0.9378,l
-0.1094,0.3595,0.9378,l
-0.1094,0.3908,0.9222,l
-0.125,0.4064,0.8909,l
-0.1407,0.3908,0.9222,l
-0.0938,0.3908,0.9378,l
-0.0782,0.3908,0.8909,l
-0.0469,0.3439,0.9222,l
-0.0156,0.3439,0.9691,l
-0.0469,0.3282,0.9065,l
-0.0156,0.3908,0.9222,l
-0.0156,0.422,0.9691,l
-0.0313,0.2813,0.8909,l
-0.0156,0.297,0.9847,l
0.0156,0.297,0.9534,l
-0.0313,0.3126,0.9691,l
-0.0313,0.3282,0.9222,l
-0.0156,0.3751,0.9691,l
0,0.4064,0.9222,l
-0.0313,0.3751,0.9222,l
-0.0156,0.3439,0.9691,l
-0.0306,0.3589,0.9691,l
-0.06,0.3882,0.9115,l
-0.0213,0.3908,0.9478,l
-0.0156,0.3514,0.9272,l
-0.0156,0.3689,0.9097,l
-0.0038,0.3989,0.9422,l
-0.0113,0.4064,0.9422,l
-0.005,0.3745,0.9272,l
0,0.3495,0.9122,l
0.0094,0.3814,0.9159,l
0.0069,0.3976,0.9222,l
-0.0081,0.3908,0.914,l
-0.0081,0.4283,0.9215,l
-0.0138,0.4483,0.924,l
-0.025,0.4095,0.9065,l
0.0069,0.3908,0.9178,l
0.0269,0.3807,0.9328,l
-0.0113,0.3901,0.9178,l
0,0.4651,0.9103,l
-0.0031,0.447,0.9159,l
-0.0181,0.427,0.8934,l
-0.0294,0.4495,0.9084,l
-0.0156,0.422,0.9184,l
-0.0156,0.422,0.8753,l
0,0.422,0.9065,l
-0.0156,0.4376,0.8753,l
0,0.4689,0.8909,l
0.0156,0.4064,0.8909,l
0,0.4064,0.9065,l
-0.0156,0.4064,0.9065,l
0,0.3595,0.9222,l
0.0313,0.3282,0.9222,l
0.0156,0.3751,0.9534,l
0,0.3751,0.9222,l
-0.0156,0.4376,0.8909,l
-0.0313,0.422,0.9222,l
0,0.422,0.9378,l
0.0313,0.3595,0.9378,l
0.0156,0.3282,0.9534,l
0,0.3751,0.9378,l
-0.0156,0.422,0.9065,l
-0.0156,0.4064,0.9065,l
0,0.4376,0.8909,l
-0.0156,0.422,0.9378,l
0,0.422,0.9222,l
0,0.3126,0.9222,l
-0.0156,0.3439,0.9847,l
-0.0313,0.4064,0.9534,l
-0.0313,0.422,0.9534,l
-0.0313,0.4376,0.8597,l
-0.0163,0.4076,0.9347,l
-0.0444,0.3345,0.9522,l
-0.0469,0.2732,0.9672,l
-0.0469,0.2657,0.9691,l
-0.0344,0.2657,0.9566,l
-0.055,0.3013,0.9534,l
-0.085,0.3013,0.9422,l
-0.0832,0.3289,0.9591,l
-0.0581,0.3539,0.9391,l
-0.0469,0.3407,0.9597,l
-0.0469,0.302,0.9409,l
-0.0631,0.2651,0.9472,l
-0.1238,-0.417,0.8597,l
-0.1963,-0.4108,0.8553,l
-0.2076,-0.4258,0.8365,l
-0.1844,-0.4376,0.8221,l
-0.237,-0.4326,0.8546,l
-0.2557,-0.4064,0.8303,l
-0.297,-0.4101,0.8465,l
-0.297,-0.4533,0.8753,l
-0.297,-0.3751,0.8284,l
-0.3126,-0.4064,0.8128,l
-0.3439,-0.3908,0.844,l
-0.3595,-0.4064,0.7815,l
-0.3595,-0.4376,0.844,l
-0.3908,-0.422,0.7815,l
-0.3439,-0.422,0.7971,l
-0.4376,-0.4376,0.7502,l
-0.3595,-0.4376,0.7815,l
-0.3908,-0.3908,0.844,l
-0.4064,-0.4064,0.7815,l
-0.4064,-0.3908,0.8128,l
-0.4376,-0.4376,0.7659,l
-0.422,-0.4376,0.7815,l
-0.4376,-0.4064,0.7815,l
-0.422,-0.3908,0.7659,l
-0.4376,-0.4689,0.7815,l
-0.4064,-0.4533,0.7659,l
-0.3751,-0.4064,0.7815,l
-0.4376,-0.4845,0.7815,l
-0.3751,-0.4533,0.7502,l
-0.3908,-0.5158,0.7346,l
-0.3751,-0.5002,0.7815,l
-0.4064,-0.5783,0.7034,l
-0.3126,-0.5314,0.7659,l
-0.3595,-0.5158,0.6877,l
-0.3295,-0.6208,0.7327,l
-0.357,-0.5533,0.7059,l
-0.3595,-0.5195,0.7309,l
-0.3332,-0.5289,0.7346,l
-0.3282,-0.5814,0.7346,l
-0.2926,-0.5939,0.7227,l
-0.3038,-0.5714,0.7415,l
-0.3126,-0.4989,0.7609,l
-0.3426,-0.4189,0.7959,l
-0.3407,-0.4001,0.8128,l
-0.3545,-0.3976,0.8303,l
-0.3345,-0.3501,0.8359,l
-0.3195,-0.3351,0.8284,l
-0.337,-0.3595,0.8284,l
-0.3282,-0.3407,0.8534,l
-0.3282,-0.2901,0.8853,l
-0.3282,-0.2801,0.8453,l
-0.3326,-0.3745,0.7946,l
-0.3401,-0.427,0.8321,l
-0.3282,-0.3251,0.8409,l
-0.3182,-0.3001,0.8259,l
-0.2713,-0.5533,0.8128,l
-0.3113,-0.4733,0.809,l
-0.297,-0.3439,0.7659,l
-0.2657,-0.3908,0.844,l
-0.2501,-0.4376,0.8284,l
-0.2345,-0.4376,0.7971,l
-0.2032,-0.4533,0.844,l
-0.2032,-0.4533,0.8284,l
-0.1876,-0.4845,0.8284,l
-0.2032,-0.5002,0.7971,l
-0.125,-0.4689,0.7971,l
-0.125,-0.5158,0.8128,l
-0.1094,-0.5314,0.8284,l
-0.0938,-0.5158,0.8284,l
-0.125,-0.5314,0.7815,l
-0.125,-0.5002,0.7502,l
-0.1094,-0.5158,0.7659,l
-0.1094,-0.5627,0.7815,l
-0.0782,-0.4845,0.7971,l
-0.0625,-0.5939,0.7502,l
-0.0782,-0.5314,0.7659,l
-0.0938,-0.6252,0.7346,l
-0.0469,-0.5783,0.7502,l
-0.0313,-0.5471,0.7659,l
-0.0625,-0.6252,0.7502,l
-0.0625,-0.6096,0.7346,l
-0.0313,-0.5158,0.7346,l
-0.0782,-0.6252,0.6565,l
0,-0.5939,0.8128,l
0.015,-0.4889,0.7828,l
0.03,-0.5277,0.7527,l
0.0313,-0.5452,0.7915,l
0.0313,-0.5339,0.7709,l
0.0813,-0.4939,0.7909,l
0.07,-0.4489,0.8209,l
0.0513,-0.5389,0.7496,l
0.0363,-0.5252,0.7509,l
0.0513,-0.5002,0.7759,l
0.0719,-0.5658,0.7721,l
0.0519,-0.5483,0.7921,l
0.0556,-0.5164,0.7965,l
0.0706,-0.5539,0.7815,l
0.0625,-0.5439,0.7815,l
0.0563,-0.4814,0.7752,l
0.0413,-0.4589,0.7771,l
0.0313,-0.4789,0.8071,l
0.0225,-0.522,0.8284,l
0.0113,-0.5521,0.8209,l
0.0375,-0.4658,0.8034,l
-0.005,-0.4683,0.8234,l
-0.0238,-0.5395,0.8009,l
0.0288,-0.482,0.8284,l
0,-0.4533,0.8284,l
-0.0156,-0.4845,0.7815,l
-0.0156,-0.4845,0.7815,l
-0.0156,-0.4845,0.7815,l
-0.0156,-0.4845,0.7815,l
-0.0156,-0.4845,0.7815,l
-0.0156,-0.4845,0.7815,l
-0.0156,-0.4845,0.7815,l
-0.0156,-0.4845,0.7815,l
-0.0156,-0.4845,0.7815,l
-0.0156,-0.4845,0.7815,l
-0.0469,-0.5314,0.7971,l
0.0094,-0.4845,0.8128,l
0.0063,-0.4845,0.8315,l
0.0188,-0.472,0.8315,l
0.0313,-0.5158,0.8221,l
0.0156,-0.5471,0.7815,l
0.0375,-0.4783,0.7909,l
0.1557,-0.0475,0.9459,l
0.1651,-0.0244,0.9447,l
0.1626,-0.0094,0.9534,l
0.1663,0.0113,0.9591,l
0.1613,0.0313,0.9591,l
0.1676,0.0225,0.9422,l
0.1601,0,0.9459,l
0.1719,-0.0031,0.9253,l
0.1744,-0.0181,0.9428,l
0.1838,-0.0238,0.9634,l
0.1563,0.0338,0.9234,l
0.1563,0.0625,0.9378,l
0.1719,0.0469,0.9378,l
0.1876,0.0469,0.9222,l
0.1876,0.0625,0.9378,l
0.1719,0.0313,0.9222,l
0.1876,0,0.9691,l
0.1876,0.0313,0.9222,l
0.1876,0.0156,0.9534,l
0.1719,0.0469,0.9222,l
0.1876,0.0782,0.9378,l
0.1563,0.125,0.9378,l
0.1719,0.1407,0.9534,l
0.1563,0.125,0.9534,l
0.2032,0.1407,0.9222,l
0.2032,0.1094,0.9222,l
0.1876,0.125,0.8909,l
0.2032,0.0938,0.9222,l
0.2032,0.125,0.8909,l
0.2188,0.1563,0.9378,l
0.1876,0.1407,0.9222,l
0.2188,0.1719,0.9222,l
0.2188,0.125,0.9222,l
0.2188,0.125,0.9222,l
0.2501,0.0782,0.9222,l
0.2345,0.1407,0.9222,l
0.2345,0.1563,0.9222,l
0.2657,0.1876,0.8753,l
0.2501,0.2345,0.8909,l
0.2501,0.2188,0.8909,l
0.2813,0.1719,0.8909,l
0.2657,0.1563,0.8909,l
0.297,0.1563,0.8909,l
0.2657,0.1876,0.8909,l
0.297,0.1563,0.9065,l
0.2813,0.1719,0.8909,l
0.2813,0.2032,0.8909,l
0.297,0.2188,0.8753,l
0.2813,0.1876,0.8128,l
0.297,0.1876,0.8909,l
0.297,0.1719,0.8753,l
0.297,0.1563,0.9065,l
0.2813,0.1563,0.8753,l
0.2813,0.1719,0.8909,l
0.2813,0.2032,0.8909,l
0.297,0.1876,0.8909,l
0.2657,0.1563,0.8753,l
0.2657,0.1719,0.9378,l
0.2501,0.1094,0.9065,l
0.2501,0.125,0.9378,l
0.2345,0.1563,0.9065,l
0.2188,0.1876,0.9065,l
0.2188,0.2032,0.8909,l
0.2038,0.1732,0.9359,l
0.1888,0.1288,0.9378,l
0.1876,0.125,0.9516,l
0.1876,0.0988,0.9403,l
0.1626,0.1063,0.9128,l
0.1563,0.1332,0.9541,l
0.1563,0.1519,0.924,l
0.135,0.1563,0.9278,l
0.125,0.1863,0.9478,l
0.125,0.1938,0.9534,l
0.125,0.1701,0.9447,l
0.125,0.14,0.9378,l
0.1325,0.11,0.9453,l
0.1269,0.1213,0.9466,l
0.1094,0.15,0.9441,l
0.115,0.135,0.9422,l
0.125,0.15,0.9322,l
0.1294,0.1944,0.9447,l
0.1369,0.1719,0.9297,l
0.125,0.1657,0.9503,l
0.125,0.1282,0.9378,l
0.1307,0.0606,0.9378,l
0.1707,0.0519,0.9378,l
0.1563,0.1094,0.9378,l
0.1719,0.1407,0.9065,l
0.1407,0.1407,0.9222,l
0.1719,0.1407,0.9378,l
0.1407,0.125,0.9534,l
0.1563,0.0625,0.9378,l
0.1563,0.0156,0.9691,l
0.1719,0.0156,0.9378,l
0.1563,0.0469,0.9378,l
0.1407,0.125,0.9378,l
0.1563,0.1719,0.9222,l
0.1407,0.1563,0.9378,l
0.1563,0.1094,0.9534,l
0.1563,0.0313,0.9378,l
0.1407,0.0156,0.9378,l
0.125,0.0156,0.9222,l
0.1407,0.0469,0.9534,l
0.1094,0.1094,0.9378,l
0.0782,0.1719,0.9378,l
0.125,0.1407,0.9534,l
0.0938,0.0938,0.9222,l
0.1094,0.0313,0.9534,l
0.0938,-0.0156,0.9691,l
0.0782,-0.0313,0.9534,l
0.0625,0.0313,0.9534,l
0.0469,0.125,0.9378,l
0.0469,0.1563,0.9534,l
0.0469,0.1563,0.9684,l
0.0181,0.1132,0.9547,l
0.0569,0.0819,0.9672,l
0.0625,0.0782,0.9559,l
0.05,0.0531,0.9784,l
0.0469,0.0588,0.9609,l
0.0469,0.1188,0.9309,l
0.015,0.1619,0.9222,l
0.01,0.1919,0.9322,l
0.0063,0.2032,0.9378,l
0.0175,0.1769,0.9553,l
0.0313,0.1238,0.9691,l
0.2807,0.0469,0.9528,l
0.2382,0.0469,0.9103,l
0.262,0.0882,0.934,l
0.2526,0.12,0.9115,l
0.2751,0.1375,0.9065,l
0.2576,0.1525,0.9065,l
0.2613,0.1225,0.8953,l
0.2763,0.0882,0.9228,l
0.2813,0.0882,0.9178,l
0.272,0.0938,0.9065,l
0.2657,0.12,0.9153,l
0.2495,0.1325,0.914,l
0.242,0.1475,0.914,l
0.2501,0.1582,0.9153,l
0.2438,0.1094,0.9065,l
0.2288,0.0738,0.9065,l
0.2238,0.0888,0.9065,l
0.2345,0.0913,0.9109,l
0.2269,0.1325,0.9222,l
0.2063,0.1563,0.9253,l
0.2113,0.1563,0.9378,l
0.1719,0.1525,0.9378,l
0.1744,0.1213,0.9378,l
0.2032,0.0782,0.9378,l
0.1719,0.0469,0.9378,l
0.1876,0.0938,0.9222,l
0.1563,0.0938,0.9378,l
0.1719,0.125,0.9691,l
0.1407,0.125,0.9378,l
0.1094,0.1094,0.9534,l
0.125,0.125,0.9691,l
0.0938,0.125,0.9378,l
0.125,0.1563,0.9534,l
0.0782,0.1407,0.9534,l
0.0938,0.1407,0.9534,l
0.0782,0.125,0.9378,l
0.0625,0.0938,0.9378,l
0.0782,0.1094,0.9534,l
0.0625,0.1407,0.9691,l
0.0625,0.1094,0.9691,l
0.0469,0.1094,0.9534,l
0.0625,0.125,0.9378,l
0.0625,0.1407,0.9691,l
0.0156,0.1094,0.9534,l
0.0313,0.0782,0.9691,l
0.0469,0.0313,0.9691,l
0.0469,0.0156,0.9691,l
0.0313,0.0313,0.9691,l
0.0625,0.0313,0.9378,l
0.0469,0.0625,0.9691,l
0.0319,0.0775,0.9391,l
0.0313,0.0925,0.9809,l
0.045,0.0525,0.9709,l
0.0338,0.0338,0.9691,l
0.0438,0.0438,0.9691,l
0.0469,0.035,0.9809,l
0.0581,0.02,0.9622,l
0.0625,0.0369,0.9534,l
0.0525,0.0569,0.9534,l
0.0563,0.0719,0.9628,l
0.0713,0.0782,0.9603,l
0.07,0.0619,0.9534,l
0.07,0.0469,0.9609,l
0.0782,0.0469,0.9484,l
0.0656,0.0469,0.9472,l
0.0469,0.0638,0.9847,l
0.0469,0.0938,0.9747,l
0.0469,0.1025,0.9534,l
0.0431,0.1175,0.9534,l
0.0344,0.0938,0.9534,l
0.0394,0.1013,0.9559,l
0.0038,0.1369,0.9672,l
0.0325,0.1069,0.9534,l
0.0469,0.0782,0.9534,l
0.0469,0.0782,0.9534,l
0.0469,0.0625,0.9691,l
0.0469,0.0782,0.9847,l
0.0313,0.0625,0.9534,l
0.0156,0.125,0.9847,l
0,0.1407,0.9534,l
0,0.1563,0.9534,l
-0.0156,0.1094,0.9847,l
-0.0156,0.125,0.9534,l
-0.0156,0.1407,0.9691,l
-0.0156,0.125,0.9534,l
-0.0313,0.125,0.9534,l
-0.0469,0.1719,0.9378,l
-0.0156,0.1719,0.9691,l
-0.0469,0.1563,0.9691,l
-0.0313,0.1719,0.9691,l
-0.0313,0.1876,0.9534,l
-0.0313,0.1719,0.9378,l
-0.0625,0.1719,0.9222,l
-0.0469,0.1563,0.9691,l
-0.0469,0.1719,0.9378,l
-0.0313,0.1563,0.9534,l
-0.0313,0.1563,0.9378,l
-0.0313,0.1876,0.9691,l
-0.0313,0.1563,0.9534,l
0,0.1407,0.9847,l
-0.015,0.1257,0.9547,l
-0.0156,0.125,0.9822,l
-0.0156,0.1388,0.9434,l
-0.0025,0.1275,0.9378,l
0,0.15,0.9378,l
0,0.1444,0.9497,l
0,0.1519,0.9534,l
0,0.1457,0.9428,l
0,0.1307,0.9278,l
0.0094,0.1063,0.9315,l
0.0069,0.0938,0.9466,l
0.0081,0.0938,0.9453,l
0.0231,0.0863,0.9528,l
0.0175,0.085,0.9691,l
0.0063,0.0813,0.9691,l
0.0156,0.0569,0.9634,l
0.0156,0.0569,0.9584,l
0.02,0.0738,0.9647,l
0.0313,0.0663,0.9572,l
0.0281,0.075,0.9691,l
0.0181,0.065,0.9641,l
0.0331,0.0782,0.9416,l
0.0431,0.0782,0.9678,l
0,0.0782,0.9534,l
0,0.0625,0.9534,l
